<queries>
  <query name="worklist_pqh_conf_interest">
    <WF_REPORT_PROPERTIES init_order_col="PROCESS_INSTANCE_ID" init_order_dir="ASC" maxPageRows="80" showCPIDCriteriaAlwaysOpen="false" showDurationColumn="true"></WF_REPORT_PROPERTIES>
    <WF_REPORT_FIELDS>
      <WF_REPORT_FIELD data_type="LONG" display_name="Process Instance ID" name="PROCESS_INSTANCE_ID" order_number="1"></WF_REPORT_FIELD>
      <WF_REPORT_FIELD data_type="STRING" display_name="A" name="A" order_number="11"></WF_REPORT_FIELD>
      <WF_REPORT_FIELD data_type="STRING" display_name="Όνομα Στελέχους/Υπαλλήλου/Εξωτ.Συνεργάτη" name="ONOMA_STELEXOYS_YPAL_SYNERGATH" order_number="21"></WF_REPORT_FIELD>
      <WF_REPORT_FIELD data_type="STRING" display_name="Β" name="B" order_number="31"></WF_REPORT_FIELD>
    </WF_REPORT_FIELDS>
    <WF_REPORT_PARAMS>
      <WF_REPORT_PARAM column_name="PROCESS_INSTANCE_ID" data_type="LONG" display_name="Process Instance ID" name="PROCESS_INSTANCE_ID" order_number="1" table="CPID_PQH_CONF_INTEREST"></WF_REPORT_PARAM>
    </WF_REPORT_PARAMS>
  </query>
</queries>
