TAB,ASSIGNMENTS,ACTIVITY,START,ACTIVITY_1,ACTIVITY_2,END
GROUP,PROCESS VARIABLE,DESCRIPTION,"START","Υποβολή Δήλωσης","Έλεγχος και Προτεινόμενα βήματα","END"
"default",PROCESS_INSTANCE_ID,"Process Instance ID",HIDE,HIDE,HIDE,HIDE
"default",PROCESS_DEFINITION_ID,"Process Definition ID",HIDE,HIDE,HIDE,HIDE
"default",PROCESS_DEFINITION_NAME,"Process Definition Name",HIDE,HIDE,HIDE,HIDE
"default",PROCESS_INSTANCE_DATE_STARTED,"Process instance Datetime Started",HIDE,HIDE,HIDE,HIDE
"default",PROCESS_INSTANCE_USERNAME,"Process instance Started Username",HIDE,HIDE,HIDE,HIDE
"default",APPLICATION_ID,"Application ID",HIDE,HIDE,HIDE,HIDE
"default",APPLICATION_STATUS,"Application Status",HIDE,HIDE,HIDE,HIDE
"default",PROCESS_LOCATION_COORDINATES,"Process Location Coordinates",HIDE,HIDE,HIDE,HIDE
"default",PROCESS_LOCATION_MARKER,"Process Location Marker Filename",HIDE,HIDE,HIDE,HIDE
"default",PROCESS_LOCATION_ADDRESS,"Process Location Full Address",HIDE,HIDE,HIDE,HIDE
"default",PROCESS_LOCATION_TEXT,"Process Location Text",HIDE,HIDE,HIDE,HIDE
"default",GO_DIRECTLY_TO_WORKITEM,"Go Directly To Workitem",HIDE,HIDE,HIDE,HIDE
"default",PARENT_PROCESS_DEFINITION_ID,"Parent Process Definition ID",HIDE,HIDE,HIDE,HIDE
"default",PARENT_PROCESS_INSTANCE_ID,"Parent Process Instance ID",HIDE,HIDE,HIDE,HIDE
"default",PARENT_ACTIVITY_INSTANCE_ID,"Parent Activity Instance ID",HIDE,HIDE,HIDE,HIDE
"default",PARENT_IS_WAITING,"Parent is waiting",HIDE,HIDE,HIDE,HIDE
"default",SUBPROCESS_INSTANCE_ID,"Subprocess Process Instance ID",HIDE,HIDE,HIDE,HIDE
"_1_ervthmatologio",A,"A",HIDE,WRITE,WRITE,HIDE
"_1_ervthmatologio",ONOMA_STELEXOYS_YPAL_SYNERGATH,"Όνομα Στελέχους/Υπαλλήλου/Εξωτ.Συνεργάτη",HIDE,WRITE,WRITE,HIDE
"_1_ervthmatologio",B,"Β",HIDE,WRITE,WRITE,HIDE
"_1_ervthmatologio",UA_HUELA_NA_GNVSTO_SYMFERONTVN,"Θα ήθελα να γνωστοποιήσω την ακόλουθη πιθανή σύγκρουση συμφερόντων",HIDE,WRITE,WRITE,HIDE
"_1_ervthmatologio",PARAKALOYME_SYMPLHR_SYGKROYSHS,"Παρακαλούμε συμπληρώστε λεπτομέρειες της πιθανής σύγκρουσης",HIDE,WRITE,WRITE,HIDE
"auto_decision",AUTO_DECISION_ACTIVITY_1,"Απόφαση για Υποβολή Δήλωσης",HIDE,WRITE REQUIRED,HIDE,HIDE
"auto_decision",AUTO_DECISION_ACTIVITY_2,"Απόφαση για Έλεγχος και Προτεινόμενα βήματα",HIDE,HIDE,WRITE REQUIRED,HIDE
