<tabs>
  <tab_definition>
    <tab displayOrder="10" displaylabel="Ερωτηματολόγιο" image="" name="tab__1_ervthmatologio">
      <process_variable name="A"></process_variable>
      <process_variable name="ONOMA_STELEXOYS_YPAL_SYNERGATH"></process_variable>
      <process_variable name="B"></process_variable>
      <process_variable name="UA_HUELA_NA_GNVSTO_SYMFERONTVN"></process_variable>
      <process_variable name="PARAKALOYME_SYMPLHR_SYGKROYSHS"></process_variable>
    </tab>
    <tab displayOrder="1000" displaylabel="Actions" image="" name="tab_auto_decision">
      <process_variable name="AUTO_DECISION_ACTIVITY_1"></process_variable>
      <process_variable name="AUTO_DECISION_ACTIVITY_2"></process_variable>
    </tab>
  </tab_definition>
  <common_tabs>
    <tab name="tab__1_ervthmatologio"></tab>
    <tab name="tab_auto_decision"></tab>
  </common_tabs>
</tabs>
