<ui>
  <uitable id="tab__1_ervthmatologio_ui_dhlvsh" numOfColumns="1" title=" Δήλωση">
    <row empty="true" htmlAttributes=" height='3' "></row>
    <row>
      <col htmlAttributes=" width='100%' valign='top' ">
        <uitable id="tab__1_ervthmatologio_ui_dhlvsh_col_1" numOfColumns="1" title="">
          <row>
            <item name="ONOMA_STELEXOYS_YPAL_SYNERGATH" type="var"></item>
          </row>
          <row>
            <item name="B" type="var"></item>
          </row>
        </uitable>
      </col>
    </row>
  </uitable>
</ui>
