<ui>
  <uitable id="tab__1_ervthmatologio_ui_dhlvsh_sygkroyshs_symferontvn" numOfColumns="1" title=" Δήλωση Σύγκρουσης Συμφερόντων">
    <row empty="true" htmlAttributes=" height='3' "></row>
    <row>
      <col htmlAttributes=" width='100%' valign='top' ">
        <uitable id="tab__1_ervthmatologio_ui_dhlvsh_sygkroyshs_symferontvn_col_1" numOfColumns="1" title="">
          <row>
            <item name="A" type="var"></item>
          </row>
        </uitable>
      </col>
    </row>
  </uitable>
</ui>
