<ui>
  <uitable id="tab__1_ervthmatologio_ui_apofygh_sygkroysh_symferontvn" numOfColumns="1" title=" Αποφυγή σύγκρουση συμφερόντων">
    <row empty="true" htmlAttributes=" height='3' "></row>
    <row>
      <col htmlAttributes=" width='100%' valign='top' ">
        <uitable id="tab__1_ervthmatologio_ui_apofygh_sygkroysh_symferontvn_col_1" numOfColumns="1" title="">
          <row>
            <item name="UA_HUELA_NA_GNVSTO_SYMFERONTVN" type="var"></item>
          </row>
          <row>
            <item name="PARAKALOYME_SYMPLHR_SYGKROYSHS" type="var"></item>
          </row>
        </uitable>
      </col>
    </row>
  </uitable>
</ui>
