<ui>
  <uitable id="tab_auto_decision_ui_actions" numOfColumns="1" title="Actions">
    <row empty="true" htmlAttributes=" height='3' "></row>
    <row>
      <col htmlAttributes=" width='100%' valign='top' ">
        <uitable id="tab_auto_decision_ui_actions_col_1" numOfColumns="1" title="">
          <row>
            <item name="AUTO_DECISION_ACTIVITY_1" type="var"></item>
          </row>
          <row>
            <item name="AUTO_DECISION_ACTIVITY_2" type="var"></item>
          </row>
        </uitable>
      </col>
    </row>
  </uitable>
</ui>
