{"variables":[{"Display Name":"Process Instance ID","Order":"0","Group":"","Filter Order":1,"Description":"","Allowed Values":"","Initial Value":"","DB Datatype":"Bigint","Name":"PROCESS_INSTANCE_ID","Worklist Order":1,"Data Type":"LONG","HelpMessage":"","Initial State":"HIDE","ID":1},{"Display Name":"Process Definition ID","Order":"1","Group":"","Filter Order":0,"Description":"","Allowed Values":"","Initial Value":"","DB Datatype":"Bigint","Name":"PROCESS_DEFINITION_ID","Worklist Order":0,"Data Type":"LONG","HelpMessage":"","Initial State":"HIDE","ID":2},{"Display Name":"Process Definition Name","Order":"2","Group":"","Filter Order":0,"Description":"","Allowed Values":"","Initial Value":"","DB Datatype":"varchar(100)","Name":"PROCESS_DEFINITION_NAME","Worklist Order":0,"Data Type":"STRING","HelpMessage":"","Initial State":"HIDE","ID":3},{"Display Name":"Process instance Datetime Started","Order":"3","Group":"","Filter Order":0,"Description":"","Allowed Values":"","Initial Value":"","DB Datatype":"Datetime","Name":"PROCESS_INSTANCE_DATE_STARTED","Worklist Order":0,"Data Type":"DATETIME","HelpMessage":"","Initial State":"HIDE","ID":4},{"Display Name":"Process instance Started Username","Order":"4","Group":"","Filter Order":0,"Description":"","Allowed Values":"","Initial Value":"","DB Datatype":"varchar(100)","Name":"PROCESS_INSTANCE_USERNAME","Worklist Order":0,"Data Type":"STRING","HelpMessage":"","Initial State":"HIDE","ID":5},{"Display Name":"Application ID","Order":"5","Group":"","Filter Order":0,"Description":"","Allowed Values":"","Initial Value":"","DB Datatype":"varchar(100)","Name":"APPLICATION_ID","Worklist Order":0,"Data Type":"STRING","HelpMessage":"","Initial State":"HIDE","ID":6},{"Display Name":"Application Status","Order":"6","Group":"","Filter Order":0,"Description":"","Allowed Values":"","Initial Value":"","DB Datatype":"Bigint","Name":"APPLICATION_STATUS","Worklist Order":0,"Data Type":"LONG","HelpMessage":"","Initial State":"HIDE","ID":7},{"Display Name":"Process Location Coordinates","Order":"7","Group":"","Filter Order":0,"Description":"","Allowed Values":"","Initial Value":"","DB Datatype":"varchar(100)","Name":"PROCESS_LOCATION_COORDINATES","Worklist Order":0,"Data Type":"STRING","HelpMessage":"","Initial State":"HIDE","ID":8},{"Display Name":"Process Location Marker Filename","Order":"8","Group":"","Filter Order":0,"Description":"","Allowed Values":"","Initial Value":"","DB Datatype":"varchar(100)","Name":"PROCESS_LOCATION_MARKER","Worklist Order":0,"Data Type":"STRING","HelpMessage":"","Initial State":"HIDE","ID":9},{"Display Name":"Process Location Full Address","Order":"9","Group":"","Filter Order":0,"Description":"","Allowed Values":"","Initial Value":"","DB Datatype":"varchar(100)","Name":"PROCESS_LOCATION_ADDRESS","Worklist Order":0,"Data Type":"STRING","HelpMessage":"","Initial State":"HIDE","ID":10},{"Display Name":"Process Location Text","Order":"10","Group":"","Filter Order":0,"Description":"","Allowed Values":"","Initial Value":"","DB Datatype":"varchar(100)","Name":"PROCESS_LOCATION_TEXT","Worklist Order":0,"Data Type":"STRING","HelpMessage":"","Initial State":"HIDE","ID":11},{"Display Name":"Go Directly To Workitem","Order":"11","Group":"","Filter Order":0,"Description":"","Allowed Values":"","Initial Value":"ACTIVITY_1","DB Datatype":"varchar(100)","Name":"GO_DIRECTLY_TO_WORKITEM","Worklist Order":0,"Data Type":"STRING","HelpMessage":"","Initial State":"HIDE","ID":12},{"Display Name":"Parent Process Definition ID","Order":"12","Group":"","Filter Order":0,"Description":"","Allowed Values":"","Initial Value":"","DB Datatype":"Bigint","Name":"PARENT_PROCESS_DEFINITION_ID","Worklist Order":0,"Data Type":"LONG","HelpMessage":"","Initial State":"HIDE","ID":13},{"Display Name":"Parent Process Instance ID","Order":"13","Group":"","Filter Order":0,"Description":"","Allowed Values":"","Initial Value":"","DB Datatype":"Bigint","Name":"PARENT_PROCESS_INSTANCE_ID","Worklist Order":0,"Data Type":"LONG","HelpMessage":"","Initial State":"HIDE","ID":14},{"Display Name":"Parent Activity Instance ID","Order":"14","Group":"","Filter Order":0,"Description":"","Allowed Values":"","Initial Value":"","DB Datatype":"Bigint","Name":"PARENT_ACTIVITY_INSTANCE_ID","Worklist Order":0,"Data Type":"LONG","HelpMessage":"","Initial State":"HIDE","ID":15},{"Display Name":"Parent is waiting","Order":"15","Group":"","Filter Order":0,"Description":"","Allowed Values":"","Initial Value":"","DB Datatype":"int","Name":"PARENT_IS_WAITING","Worklist Order":0,"Data Type":"INTEGER","HelpMessage":"","Initial State":"HIDE","ID":16},{"Display Name":"Subprocess Process Instance ID","Order":"16","Group":"","Filter Order":0,"Description":"","Allowed Values":"","Initial Value":"","DB Datatype":"int","Name":"SUBPROCESS_INSTANCE_ID","Worklist Order":0,"Data Type":"INTEGER","HelpMessage":"","Initial State":"HIDE","ID":17},{"Display Name":"A","Order":"17","Group":"_1_ervthmatologio","Filter Order":0,"Description":null,"Allowed Values":"","Initial Value":"&quot; <table><tr>asd<\/tr><\/table> &quot;","DB Datatype":"varchar(100)","Name":"A","Worklist Order":11,"Data Type":"STRING","HelpMessage":"","Initial State":"HIDE","ID":18},{"Display Name":"Όνομα Στελέχους\/Υπαλλήλου\/Εξωτ.Συνεργάτη","Order":"18","Group":"_1_ervthmatologio","Filter Order":0,"Description":null,"Allowed Values":"","Initial Value":"ΝΙΚΟΣ ΚΑΡΑΠΑΝΑΓΟΥ","DB Datatype":"varchar(100)","Name":"ONOMA_STELEXOYS_YPAL_SYNERGATH","Worklist Order":21,"Data Type":"STRING","HelpMessage":"","Initial State":"HIDE","ID":19},{"Display Name":"Β","Order":"19","Group":"_1_ervthmatologio","Filter Order":0,"Description":null,"Allowed Values":"","Initial Value":"Salesforce is the worlds #1 CRM company. Our industry-leading","DB Datatype":"varchar(100)","Name":"B","Worklist Order":31,"Data Type":"STRING","HelpMessage":"","Initial State":"HIDE","ID":20},{"Display Name":"Θα ήθελα να γνωστοποιήσω την ακόλουθη πιθανή σύγκρουση συμφερόντων","Order":"20","Group":"_1_ervthmatologio","Filter Order":0,"Description":null,"Allowed Values":"","Initial Value":"","DB Datatype":"varchar(100)","Name":"UA_HUELA_NA_GNVSTO_SYMFERONTVN","Worklist Order":0,"Data Type":"LONG_STRING","HelpMessage":"","Initial State":"HIDE","ID":21},{"Display Name":"Παρακαλούμε συμπληρώστε λεπτομέρειες της πιθανής σύγκρουσης","Order":"21","Group":"_1_ervthmatologio","Filter Order":0,"Description":null,"Allowed Values":"","Initial Value":"","DB Datatype":"varchar(100)","Name":"PARAKALOYME_SYMPLHR_SYGKROYSHS","Worklist Order":0,"Data Type":"LONG_STRING","HelpMessage":"","Initial State":"HIDE","ID":22},{"Display Name":"Απόφαση για Υποβολή Δήλωσης","Order":"0","Group":"auto_decision","Filter Order":0,"Description":"Απόφαση για Υποβολή Δήλωσης","Allowed Values":"LIST;Προς Έλεγχος και Προτεινόμενα βήματα;1;Προς END;2","Initial Value":"1","DB Datatype":"int","Name":"AUTO_DECISION_ACTIVITY_1","Worklist Order":0,"Data Type":"INTEGER","HelpMessage":"","Initial State":"HIDE","ID":23},{"Display Name":"Απόφαση για Έλεγχος και Προτεινόμενα βήματα","Order":"0","Group":"auto_decision","Filter Order":0,"Description":"Απόφαση για Έλεγχος και Προτεινόμενα βήματα","Allowed Values":"LIST;Προς Υποβολή Δήλωσης;1;Προς END;2","Initial Value":"1","DB Datatype":"int","Name":"AUTO_DECISION_ACTIVITY_2","Worklist Order":0,"Data Type":"INTEGER","HelpMessage":"","Initial State":"HIDE","ID":24}],"groups":[{"Display Name":"Ερωτηματολόγιο","Order":1,"Buttons":false,"ID":1,"Image":"","Name":"_1_ervthmatologio"},{"Display Name":"Actions","Order":100,"Buttons":false,"ID":2,"Image":"","Name":"auto_decision"}],"groupSelectOptions":[{"Id":0,"Name":""},{"Id":"1","Name":"_1_ervthmatologio"},{"Id":"2","Name":"auto_decision"}],"rules":[{"Display Name":"To ACTIVITY_2 (Έλεγχος και Προτεινόμενα βήματα)","Relates to Process variable(s)":"","Type":"rule","Mode":null,"Rule Expression":"$AUTO_DECISION_ACTIVITY_1==1","ID":"1","Applies to Activities":"","Error Description":"","Name":"AUTO_DECISION_TRANSITION_2"},{"Display Name":"To END (END)","Relates to Process variable(s)":"","Type":"rule","Mode":null,"Rule Expression":"$AUTO_DECISION_ACTIVITY_1==2","ID":"2","Applies to Activities":"","Error Description":"","Name":"AUTO_DECISION_TRANSITION_3"},{"Display Name":"To ACTIVITY_1 (Υποβολή Δήλωσης)","Relates to Process variable(s)":"","Type":"rule","Mode":null,"Rule Expression":"$AUTO_DECISION_ACTIVITY_2==1","ID":"3","Applies to Activities":"","Error Description":"","Name":"AUTO_DECISION_TRANSITION_4"},{"Display Name":"To END (END)","Relates to Process variable(s)":"","Type":"rule","Mode":null,"Rule Expression":"$AUTO_DECISION_ACTIVITY_2==2","ID":"4","Applies to Activities":"","Error Description":"","Name":"AUTO_DECISION_TRANSITION_5"},{"Display Name":"To ACTIVITY_2 (Έλεγχος και Προτεινόμενα βήματα)","Relates to Process variable(s)":"","Type":"rule","Mode":null,"Rule Expression":"$AUTO_DECISION_ACTIVITY_1==1","ID":"5","Applies to Activities":"","Error Description":"","Name":"AUTO_DECISION_TRANSITION_2"},{"Display Name":"To END (END)","Relates to Process variable(s)":"","Type":"rule","Mode":null,"Rule Expression":"$AUTO_DECISION_ACTIVITY_1==2","ID":"6","Applies to Activities":"","Error Description":"","Name":"AUTO_DECISION_TRANSITION_3"},{"Display Name":"To ACTIVITY_1 (Υποβολή Δήλωσης)","Relates to Process variable(s)":"","Type":"rule","Mode":null,"Rule Expression":"$AUTO_DECISION_ACTIVITY_2==1","ID":"7","Applies to Activities":"","Error Description":"","Name":"AUTO_DECISION_TRANSITION_4"},{"Display Name":"To END (END)","Relates to Process variable(s)":"","Type":"rule","Mode":null,"Rule Expression":"$AUTO_DECISION_ACTIVITY_2==2","ID":"8","Applies to Activities":"","Error Description":"","Name":"AUTO_DECISION_TRANSITION_5"}],"language":{"language":"el"},"databasetables":[],"graph":{"cells":[{"wi_custom_performers":"&lt;%=getRoleUsernames(\"GENERIC_ROLE\")%&gt;","wi_required_transitions_for_AND_JOIN":"","wi_creates_workitem":"XXX","wi_join":null,"type":"basic.Circle","wi_displayName":"START","attrs":{"text":{"font-weight":400,"font-size":10,"font-family":"Arial","text":"START","stroke-width":0,"fill":"#ffffff","stroke":"#000000"},"circle":{"width":50,"stroke-dasharray":"0","stroke-width":1,"fill":"#000000","height":30}},"wi_split":null,"wi_workitem_variables_json":[{"Variable Name":"PROCESS_INSTANCE_ID","Variable Status":"HIDE"},{"Variable Name":"PROCESS_DEFINITION_ID","Variable Status":"HIDE"},{"Variable Name":"PROCESS_DEFINITION_NAME","Variable Status":"HIDE"},{"Variable Name":"PROCESS_INSTANCE_DATE_STARTED","Variable Status":"HIDE"},{"Variable Name":"PROCESS_INSTANCE_USERNAME","Variable Status":"HIDE"},{"Variable Name":"APPLICATION_ID","Variable Status":"HIDE"},{"Variable Name":"APPLICATION_STATUS","Variable Status":"HIDE"},{"Variable Name":"PROCESS_LOCATION_COORDINATES","Variable Status":"HIDE"},{"Variable Name":"PROCESS_LOCATION_MARKER","Variable Status":"HIDE"},{"Variable Name":"PROCESS_LOCATION_ADDRESS","Variable Status":"HIDE"},{"Variable Name":"PROCESS_LOCATION_TEXT","Variable Status":"HIDE"},{"Variable Name":"GO_DIRECTLY_TO_WORKITEM","Variable Status":"HIDE"},{"Variable Name":"PARENT_PROCESS_DEFINITION_ID","Variable Status":"HIDE"},{"Variable Name":"PARENT_PROCESS_INSTANCE_ID","Variable Status":"HIDE"},{"Variable Name":"PARENT_ACTIVITY_INSTANCE_ID","Variable Status":"HIDE"},{"Variable Name":"PARENT_IS_WAITING","Variable Status":"HIDE"},{"Variable Name":"SUBPROCESS_INSTANCE_ID","Variable Status":"HIDE"},{"Variable Name":"AUTO_DECISION_ACTIVITY_1","Variable Status":"HIDE"},{"Variable Name":"AUTO_DECISION_ACTIVITY_2","Variable Status":"HIDE"}],"size":{"width":85.0,"height":51.0},"wi_performingRole":"","wi_description":"","wi_name":"START","angle":0,"position":{"x":140.0,"y":360.0},"id":"START","embeds":"","wi_custom_page":""},{"wi_custom_performers":"&lt;%=getRoleUsernames(\"GENERIC_ROLE\")%&gt;","wi_required_transitions_for_AND_JOIN":"","wi_creates_workitem":"XXX","wi_join":"XOR","type":"devs.Atomic","outPorts":["out1","out2"],"wi_displayName":"Υποβολή Δήλωσης","attrs":{".inPorts circle":{"fill":"#dddddd","opacity":0.9},".port-body":{"r":5},".inPorts>.port1>.port-body":{"port":{"id":"in2","type":"in"}},".outPorts>.port0>.port-body":{"port":{"id":"out1","type":"out"}},".outPorts circle":{"fill":"#dddddd","opacity":0.9},".inPorts text, .outPorts text":{"font-size":9},"rect":{"rx":2,"ry":2,"stroke-dasharray":"0","stroke-width":1,"fill":"#ffffff"},".outPorts>.port1":{"ref":".body","ref-dx":0,"ref-y":0.75},".outPorts>.port0>.port-label":{"text":"out1"},".outPorts>.port0":{"ref":".body","ref-dx":0,"ref-y":0.25},".inPorts>.port0>.port-body":{"port":{"id":"in1","type":"in"}},".outPorts>.port1>.port-body":{"port":{"id":"out2","type":"out"}},".inPorts>.port0>.port-label":{"text":"in1"},"text":{"font-weight":400,"font-size":10,"font-family":"Arial","text":"ACTIVITY_1","stroke-width":0,"fill":"#000000","stroke":"#000000"},".inPorts>.port0":{"ref":".body","ref-y":0.25},".outPorts>.port1>.port-label":{"text":"out2"},".inPorts>.port1>.port-label":{"text":"in2"},".inPorts>.port1":{"ref":".body","ref-y":0.75}},"wi_split":"XOR","wi_workitem_variables_json":[{"Variable Name":"A","Variable Status":"WRITE"},{"Variable Name":"ONOMA_STELEXOYS_YPAL_SYNERGATH","Variable Status":"WRITE"},{"Variable Name":"B","Variable Status":"WRITE"},{"Variable Name":"UA_HUELA_NA_GNVSTO_SYMFERONTVN","Variable Status":"WRITE"},{"Variable Name":"PARAKALOYME_SYMPLHR_SYGKROYSHS","Variable Status":"WRITE"},{"Variable Name":"AUTO_DECISION_ACTIVITY_1","Variable Status":"WRITE REQUIRED"},{"Variable Name":"PROCESS_INSTANCE_ID","Variable Status":"HIDE"},{"Variable Name":"PROCESS_DEFINITION_ID","Variable Status":"HIDE"},{"Variable Name":"PROCESS_DEFINITION_NAME","Variable Status":"HIDE"},{"Variable Name":"PROCESS_INSTANCE_DATE_STARTED","Variable Status":"HIDE"},{"Variable Name":"PROCESS_INSTANCE_USERNAME","Variable Status":"HIDE"},{"Variable Name":"APPLICATION_ID","Variable Status":"HIDE"},{"Variable Name":"APPLICATION_STATUS","Variable Status":"HIDE"},{"Variable Name":"PROCESS_LOCATION_COORDINATES","Variable Status":"HIDE"},{"Variable Name":"PROCESS_LOCATION_MARKER","Variable Status":"HIDE"},{"Variable Name":"PROCESS_LOCATION_ADDRESS","Variable Status":"HIDE"},{"Variable Name":"PROCESS_LOCATION_TEXT","Variable Status":"HIDE"},{"Variable Name":"GO_DIRECTLY_TO_WORKITEM","Variable Status":"HIDE"},{"Variable Name":"PARENT_PROCESS_DEFINITION_ID","Variable Status":"HIDE"},{"Variable Name":"PARENT_PROCESS_INSTANCE_ID","Variable Status":"HIDE"},{"Variable Name":"PARENT_ACTIVITY_INSTANCE_ID","Variable Status":"HIDE"},{"Variable Name":"PARENT_IS_WAITING","Variable Status":"HIDE"},{"Variable Name":"SUBPROCESS_INSTANCE_ID","Variable Status":"HIDE"},{"Variable Name":"AUTO_DECISION_ACTIVITY_2","Variable Status":"HIDE"}],"inPorts":["in1","in2"],"size":{"width":85.0,"height":63.75},"wi_performingRole":"","wi_description":"","wi_name":"ACTIVITY_1","angle":0,"position":{"x":340.0,"y":373.625},"id":"ACTIVITY_1","embeds":"","wi_custom_page":""},{"wi_custom_performers":"&lt;%=getRoleUsernames(\"GENERIC_ROLE\")%&gt;","wi_required_transitions_for_AND_JOIN":"","wi_creates_workitem":"XXX","wi_join":"XOR","type":"devs.Atomic","outPorts":["out1","out2"],"wi_displayName":"Έλεγχος και Προτεινόμενα βήματα","attrs":{".inPorts circle":{"fill":"#dddddd","opacity":0.9},".port-body":{"r":5},".inPorts>.port1>.port-body":{"port":{"id":"in2","type":"in"}},".outPorts>.port0>.port-body":{"port":{"id":"out1","type":"out"}},".outPorts circle":{"fill":"#dddddd","opacity":0.9},".inPorts text, .outPorts text":{"font-size":9},"rect":{"rx":2,"ry":2,"stroke-dasharray":"0","stroke-width":1,"fill":"#ffffff"},".outPorts>.port1":{"ref":".body","ref-dx":0,"ref-y":0.75},".outPorts>.port0>.port-label":{"text":"out1"},".outPorts>.port0":{"ref":".body","ref-dx":0,"ref-y":0.25},".inPorts>.port0>.port-body":{"port":{"id":"in1","type":"in"}},".outPorts>.port1>.port-body":{"port":{"id":"out2","type":"out"}},".inPorts>.port0>.port-label":{"text":"in1"},"text":{"font-weight":400,"font-size":10,"font-family":"Arial","text":"ACTIVITY_2","stroke-width":0,"fill":"#000000","stroke":"#000000"},".inPorts>.port0":{"ref":".body","ref-y":0.25},".outPorts>.port1>.port-label":{"text":"out2"},".inPorts>.port1>.port-label":{"text":"in2"},".inPorts>.port1":{"ref":".body","ref-y":0.75}},"wi_split":"XOR","wi_workitem_variables_json":[{"Variable Name":"A","Variable Status":"WRITE"},{"Variable Name":"ONOMA_STELEXOYS_YPAL_SYNERGATH","Variable Status":"WRITE"},{"Variable Name":"B","Variable Status":"WRITE"},{"Variable Name":"UA_HUELA_NA_GNVSTO_SYMFERONTVN","Variable Status":"WRITE"},{"Variable Name":"PARAKALOYME_SYMPLHR_SYGKROYSHS","Variable Status":"WRITE"},{"Variable Name":"AUTO_DECISION_ACTIVITY_2","Variable Status":"WRITE REQUIRED"},{"Variable Name":"PROCESS_INSTANCE_ID","Variable Status":"HIDE"},{"Variable Name":"PROCESS_DEFINITION_ID","Variable Status":"HIDE"},{"Variable Name":"PROCESS_DEFINITION_NAME","Variable Status":"HIDE"},{"Variable Name":"PROCESS_INSTANCE_DATE_STARTED","Variable Status":"HIDE"},{"Variable Name":"PROCESS_INSTANCE_USERNAME","Variable Status":"HIDE"},{"Variable Name":"APPLICATION_ID","Variable Status":"HIDE"},{"Variable Name":"APPLICATION_STATUS","Variable Status":"HIDE"},{"Variable Name":"PROCESS_LOCATION_COORDINATES","Variable Status":"HIDE"},{"Variable Name":"PROCESS_LOCATION_MARKER","Variable Status":"HIDE"},{"Variable Name":"PROCESS_LOCATION_ADDRESS","Variable Status":"HIDE"},{"Variable Name":"PROCESS_LOCATION_TEXT","Variable Status":"HIDE"},{"Variable Name":"GO_DIRECTLY_TO_WORKITEM","Variable Status":"HIDE"},{"Variable Name":"PARENT_PROCESS_DEFINITION_ID","Variable Status":"HIDE"},{"Variable Name":"PARENT_PROCESS_INSTANCE_ID","Variable Status":"HIDE"},{"Variable Name":"PARENT_ACTIVITY_INSTANCE_ID","Variable Status":"HIDE"},{"Variable Name":"PARENT_IS_WAITING","Variable Status":"HIDE"},{"Variable Name":"SUBPROCESS_INSTANCE_ID","Variable Status":"HIDE"},{"Variable Name":"AUTO_DECISION_ACTIVITY_1","Variable Status":"HIDE"}],"inPorts":["in1","in2"],"size":{"width":85.0,"height":63.75},"wi_performingRole":"","wi_description":"","wi_name":"ACTIVITY_2","angle":0,"position":{"x":560.0,"y":276.25},"id":"ACTIVITY_2","embeds":"","wi_custom_page":""},{"wi_custom_performers":"&lt;%=getRoleUsernames(\"GENERIC_ROLE\")%&gt;","wi_required_transitions_for_AND_JOIN":"","wi_creates_workitem":"XXX","wi_join":"XOR","type":"basic.Circle","wi_displayName":"END","attrs":{"text":{"font-weight":400,"font-size":10,"font-family":"Arial","text":"END","stroke-width":0,"fill":"#ffffff","stroke":"#000000"},"circle":{"width":50,"stroke-dasharray":"0","stroke-width":1,"fill":"#000000","height":30}},"wi_split":null,"wi_workitem_variables_json":[{"Variable Name":"PROCESS_INSTANCE_ID","Variable Status":"HIDE"},{"Variable Name":"PROCESS_DEFINITION_ID","Variable Status":"HIDE"},{"Variable Name":"PROCESS_DEFINITION_NAME","Variable Status":"HIDE"},{"Variable Name":"PROCESS_INSTANCE_DATE_STARTED","Variable Status":"HIDE"},{"Variable Name":"PROCESS_INSTANCE_USERNAME","Variable Status":"HIDE"},{"Variable Name":"APPLICATION_ID","Variable Status":"HIDE"},{"Variable Name":"APPLICATION_STATUS","Variable Status":"HIDE"},{"Variable Name":"PROCESS_LOCATION_COORDINATES","Variable Status":"HIDE"},{"Variable Name":"PROCESS_LOCATION_MARKER","Variable Status":"HIDE"},{"Variable Name":"PROCESS_LOCATION_ADDRESS","Variable Status":"HIDE"},{"Variable Name":"PROCESS_LOCATION_TEXT","Variable Status":"HIDE"},{"Variable Name":"GO_DIRECTLY_TO_WORKITEM","Variable Status":"HIDE"},{"Variable Name":"PARENT_PROCESS_DEFINITION_ID","Variable Status":"HIDE"},{"Variable Name":"PARENT_PROCESS_INSTANCE_ID","Variable Status":"HIDE"},{"Variable Name":"PARENT_ACTIVITY_INSTANCE_ID","Variable Status":"HIDE"},{"Variable Name":"PARENT_IS_WAITING","Variable Status":"HIDE"},{"Variable Name":"SUBPROCESS_INSTANCE_ID","Variable Status":"HIDE"},{"Variable Name":"AUTO_DECISION_ACTIVITY_1","Variable Status":"HIDE"},{"Variable Name":"AUTO_DECISION_ACTIVITY_2","Variable Status":"HIDE"}],"size":{"width":85.0,"height":51.0},"wi_performingRole":"","wi_description":"","wi_name":"END","angle":0,"position":{"x":780.0,"y":380.0},"id":"END","embeds":"","wi_custom_page":""},{"tr_description":"","router":{"name":"manhattan"},"tr_name":"TRANSITION_1","tr_xor_evaluation_order":"1","current_transition":"TRANSITION_1","id":"1","source":{"id":"START"},"type":"link","target":{"id":"ACTIVITY_1"},"smooth":false,"labels":[{"position":0.5,"attrs":{"text":{"text":""}}}]},{"tr_description":"","router":{"name":"manhattan"},"tr_name":"TRANSITION_2","tr_xor_evaluation_order":"1","current_transition":"TRANSITION_2","id":"2","source":{"id":"ACTIVITY_1"},"type":"link","target":{"id":"ACTIVITY_2"},"smooth":false,"labels":[{"position":0.5,"attrs":{"text":{"text":""}}}]},{"tr_description":"","router":{"name":"manhattan"},"tr_name":"TRANSITION_3","tr_xor_evaluation_order":"2","current_transition":"TRANSITION_3","id":"3","source":{"id":"ACTIVITY_1"},"type":"link","target":{"id":"END"},"smooth":false,"labels":[{"position":0.5,"attrs":{"text":{"text":""}}}]},{"tr_description":"","router":{"name":"manhattan"},"tr_name":"TRANSITION_4","tr_xor_evaluation_order":"1","current_transition":"TRANSITION_4","id":"4","source":{"id":"ACTIVITY_2"},"type":"link","target":{"id":"ACTIVITY_1"},"smooth":false,"labels":[{"position":0.5,"attrs":{"text":{"text":""}}}]},{"tr_description":"","router":{"name":"manhattan"},"tr_name":"TRANSITION_5","tr_xor_evaluation_order":"2","current_transition":"TRANSITION_5","id":"5","source":{"id":"ACTIVITY_2"},"type":"link","target":{"id":"END"},"smooth":false,"labels":[{"position":0.5,"attrs":{"text":{"text":""}}}]}]},"entityVariablesSelectOptions":"sdf","info":{"mode":"RELEASED","process_group":"SAMPLES","startup_screen_uri":"","displayed_name":"PQH Δήλωση Σύγκρουσης Συμφερόντων","created":"","name":"PQH_CONF_INTEREST","description":"PQH Δήλωση Σύγκρουσης Συμφερόντων","process_in_force_to":"","process_admin":"GENERIC_ROLE","process_in_force_from":"","version":"1","after_start":"ACTIVITY_1"}}