{"settings":{"target_database":"ms_sql_server","publish_process_in_bpm":"","language":"el","process_diagram_zoom":"1"},"variables":[{"Display Name":"Process Instance ID","Order":"0","Group":"","Filter Order":1,"Description":"","Allowed Values":"","Initial Value":"","DB Datatype":"Bigint","Name":"PROCESS_INSTANCE_ID","Worklist Order":1,"Data Type":"LONG","HelpMessage":"","Initial State":"HIDE","ID":1},{"Display Name":"Process Definition ID","Order":"1","Group":"","Filter Order":0,"Description":"","Allowed Values":"","Initial Value":"","DB Datatype":"Bigint","Name":"PROCESS_DEFINITION_ID","Worklist Order":0,"Data Type":"LONG","HelpMessage":"","Initial State":"HIDE","ID":2},{"Display Name":"Process Definition Name","Order":"2","Group":"","Filter Order":0,"Description":"","Allowed Values":"","Initial Value":"","DB Datatype":"varchar(100)","Name":"PROCESS_DEFINITION_NAME","Worklist Order":0,"Data Type":"STRING","HelpMessage":"","Initial State":"HIDE","ID":3},{"Display Name":"Process instance Datetime Started","Order":"3","Group":"","Filter Order":0,"Description":"","Allowed Values":"","Initial Value":"","DB Datatype":"Datetime","Name":"PROCESS_INSTANCE_DATE_STARTED","Worklist Order":0,"Data Type":"DATETIME","HelpMessage":"","Initial State":"HIDE","ID":4},{"Display Name":"Process instance Started Username","Order":"4","Group":"","Filter Order":0,"Description":"","Allowed Values":"","Initial Value":"","DB Datatype":"varchar(100)","Name":"PROCESS_INSTANCE_USERNAME","Worklist Order":0,"Data Type":"STRING","HelpMessage":"","Initial State":"HIDE","ID":5},{"Display Name":"Application ID","Order":"5","Group":"","Filter Order":0,"Description":"","Allowed Values":"","Initial Value":"","DB Datatype":"varchar(100)","Name":"APPLICATION_ID","Worklist Order":0,"Data Type":"STRING","HelpMessage":"","Initial State":"HIDE","ID":6},{"Display Name":"Application Status","Order":"6","Group":"","Filter Order":0,"Description":"","Allowed Values":"","Initial Value":"","DB Datatype":"Bigint","Name":"APPLICATION_STATUS","Worklist Order":0,"Data Type":"LONG","HelpMessage":"","Initial State":"HIDE","ID":7},{"Display Name":"Process Location Coordinates","Order":"7","Group":"","Filter Order":0,"Description":"","Allowed Values":"","Initial Value":"","DB Datatype":"varchar(100)","Name":"PROCESS_LOCATION_COORDINATES","Worklist Order":0,"Data Type":"STRING","HelpMessage":"","Initial State":"HIDE","ID":8},{"Display Name":"Process Location Marker Filename","Order":"8","Group":"","Filter Order":0,"Description":"","Allowed Values":"","Initial Value":"","DB Datatype":"varchar(100)","Name":"PROCESS_LOCATION_MARKER","Worklist Order":0,"Data Type":"STRING","HelpMessage":"","Initial State":"HIDE","ID":9},{"Display Name":"Process Location Full Address","Order":"9","Group":"","Filter Order":0,"Description":"","Allowed Values":"","Initial Value":"","DB Datatype":"varchar(100)","Name":"PROCESS_LOCATION_ADDRESS","Worklist Order":0,"Data Type":"STRING","HelpMessage":"","Initial State":"HIDE","ID":10},{"Display Name":"Process Location Text","Order":"10","Group":"","Filter Order":0,"Description":"","Allowed Values":"","Initial Value":"","DB Datatype":"varchar(100)","Name":"PROCESS_LOCATION_TEXT","Worklist Order":0,"Data Type":"STRING","HelpMessage":"","Initial State":"HIDE","ID":11},{"Display Name":"Go Directly To Workitem","Order":"11","Group":"","Filter Order":0,"Description":"","Allowed Values":"","Initial Value":"","DB Datatype":"varchar(100)","Name":"GO_DIRECTLY_TO_WORKITEM","Worklist Order":0,"Data Type":"STRING","HelpMessage":"","Initial State":"HIDE","ID":12},{"Display Name":"Parent Process Definition ID","Order":"12","Group":"","Filter Order":0,"Description":"","Allowed Values":"","Initial Value":"","DB Datatype":"Bigint","Name":"PARENT_PROCESS_DEFINITION_ID","Worklist Order":0,"Data Type":"LONG","HelpMessage":"","Initial State":"HIDE","ID":13},{"Display Name":"Parent Process Instance ID","Order":"13","Group":"","Filter Order":0,"Description":"","Allowed Values":"","Initial Value":"","DB Datatype":"Bigint","Name":"PARENT_PROCESS_INSTANCE_ID","Worklist Order":0,"Data Type":"LONG","HelpMessage":"","Initial State":"HIDE","ID":14},{"Display Name":"Parent Activity Instance ID","Order":"14","Group":"","Filter Order":0,"Description":"","Allowed Values":"","Initial Value":"","DB Datatype":"Bigint","Name":"PARENT_ACTIVITY_INSTANCE_ID","Worklist Order":0,"Data Type":"LONG","HelpMessage":"","Initial State":"HIDE","ID":15},{"Display Name":"Parent is waiting","Order":"15","Group":"","Filter Order":0,"Description":"","Allowed Values":"","Initial Value":"","DB Datatype":"int","Name":"PARENT_IS_WAITING","Worklist Order":0,"Data Type":"INTEGER","HelpMessage":"","Initial State":"HIDE","ID":16},{"Display Name":"Subprocess Process Instance ID","Order":"16","Group":"","Filter Order":0,"Description":"","Allowed Values":"","Initial Value":"","DB Datatype":"int","Name":"SUBPROCESS_INSTANCE_ID","Worklist Order":0,"Data Type":"INTEGER","HelpMessage":"","Initial State":"HIDE","ID":17},{"Display Name":"A","Order":"17","Group":"_1_ervthmatologio","Filter Order":0,"Description":null,"Allowed Values":"","Initial Value":"&quot; <table><tr>asd<\/tr><\/table> &quot;","DB Datatype":"varchar(100)","Name":"A","Worklist Order":11,"Data Type":"STRING","HelpMessage":"","Initial State":"HIDE","ID":18},{"Display Name":"Όνομα Στελέχους\/Υπαλλήλου\/Εξωτ.Συνεργάτη","Order":"18","Group":"_1_ervthmatologio","Filter Order":0,"Description":null,"Allowed Values":"","Initial Value":"ΝΙΚΟΣ ΚΑΡΑΠΑΝΑΓΟΥ","DB Datatype":"varchar(100)","Name":"ONOMA_STELEXOYS_YPAL_SYNERGATH","Worklist Order":21,"Data Type":"STRING","HelpMessage":"","Initial State":"HIDE","ID":19},{"Display Name":"Β","Order":"19","Group":"_1_ervthmatologio","Filter Order":0,"Description":null,"Allowed Values":"","Initial Value":"Salesforce is the worlds #1 CRM company. Our industry-leading","DB Datatype":"varchar(100)","Name":"B","Worklist Order":31,"Data Type":"STRING","HelpMessage":"","Initial State":"HIDE","ID":20},{"Display Name":"Θα ήθελα να γνωστοποιήσω την ακόλουθη πιθανή σύγκρουση συμφερόντων","Order":"20","Group":"_1_ervthmatologio","Filter Order":0,"Description":null,"Allowed Values":"","Initial Value":"","DB Datatype":"varchar(100)","Name":"UA_HUELA_NA_GNVSTO_SYMFERONTVN","Worklist Order":0,"Data Type":"LONG_STRING","HelpMessage":"","Initial State":"HIDE","ID":21},{"Display Name":"Παρακαλούμε συμπληρώστε λεπτομέρειες της πιθανής σύγκρουσης","Order":"21","Group":"_1_ervthmatologio","Filter Order":0,"Description":null,"Allowed Values":"","Initial Value":"","DB Datatype":"varchar(100)","Name":"PARAKALOYME_SYMPLHR_SYGKROYSHS","Worklist Order":0,"Data Type":"LONG_STRING","HelpMessage":"","Initial State":"HIDE","ID":22},{"Display Name":"Απόφαση για Υποβολή Δήλωσης","Order":"0","Group":"auto_decision","Filter Order":0,"Description":"Απόφαση για Υποβολή Δήλωσης","Allowed Values":"LIST;Προς Έλεγχος και Προτεινόμενα βήματα;1;Προς END;2","Initial Value":"1","DB Datatype":"int","Name":"AUTO_DECISION_ACTIVITY_1","Worklist Order":0,"Data Type":"INTEGER","HelpMessage":"","Initial State":"HIDE","ID":23},{"Display Name":"Απόφαση για Έλεγχος και Προτεινόμενα βήματα","Order":"0","Group":"auto_decision","Filter Order":0,"Description":"Απόφαση για Έλεγχος και Προτεινόμενα βήματα","Allowed Values":"LIST;Προς Υποβολή Δήλωσης;1;Προς END;2","Initial Value":"1","DB Datatype":"int","Name":"AUTO_DECISION_ACTIVITY_2","Worklist Order":0,"Data Type":"INTEGER","HelpMessage":"","Initial State":"HIDE","ID":24}],"roles":[{"Role Display Name":"GENERIC ROLE","Role Description":"","Role Name":"GENERIC_ROLE","ID":1},{"Role Display Name":"MANAGER","Role Description":"","Role Name":"MANAGER","ID":2},{"Role Display Name":"CREDIT OFFICER","Role Description":"","Role Name":"CREDIT_OFFICER","ID":3},{"Role Display Name":"ADMINISTRATOR","Role Description":"","Role Name":"ADMINISTRATOR","ID":4},{"Role Display Name":"PROCUREMENT OFFICER","Role Description":"","Role Name":"PROCUREMENT_OFFICER","ID":5},{"Role Display Name":"BOARD OF DIRECTORS","Role Description":"","Role Name":"BOARD_OF_DIRECTORS","ID":6},{"Role Display Name":"MANAGING DIRECTOR","Role Description":"","Role Name":"MANAGING_DIRECTOR","ID":7},{"Role Display Name":"ADMIN OFFICER","Role Description":"","Role Name":"ADMIN_OFFICER","ID":8},{"Role Display Name":"CHARTERING DIRECTOR","Role Description":"","Role Name":"CHARTERING_DIRECTOR","ID":9},{"Role Display Name":"OPERATIONS DIRECTOR","Role Description":"","Role Name":"OPERATIONS_DIRECTOR","ID":10},{"Role Display Name":"TECHNICAL DIRECTOR","Role Description":"","Role Name":"TECHNICAL_DIRECTOR","ID":11},{"Role Display Name":"PROCUREMENT DIRECTOR","Role Description":"","Role Name":"PROCUREMENT_DIRECTOR","ID":12},{"Role Display Name":"S&Q DIRECTOR","Role Description":"","Role Name":"S&Q_DIRECTOR","ID":13},{"Role Display Name":"LEGAL DIRECTOR","Role Description":"","Role Name":"LEGAL_DIRECTOR","ID":14},{"Role Display Name":"ACCOUNTING DIRECTOR","Role Description":"","Role Name":"ACCOUNTING_DIRECTOR","ID":15},{"Role Display Name":"CREW DIRECTOR","Role Description":"","Role Name":"CREW_DIRECTOR","ID":16},{"Role Display Name":"POST FIXTURE DIRECTOR","Role Description":"","Role Name":"POST_FIXTURE_DIRECTOR","ID":17},{"Role Display Name":"I&C DIRECTOR","Role Description":"","Role Name":"I&C_DIRECTOR","ID":18},{"Role Display Name":"IT DIRECTOR","Role Description":"","Role Name":"IT_DIRECTOR","ID":19},{"Role Display Name":"CHARTERING MANAGER","Role Description":"","Role Name":"CHARTERING_MANAGER","ID":20},{"Role Display Name":"OPERATIONS MANAGER","Role Description":"","Role Name":"OPERATIONS_MANAGER","ID":21},{"Role Display Name":"TECHNICAL MANAGER","Role Description":"","Role Name":"TECHNICAL_MANAGER","ID":22},{"Role Display Name":"PROCUREMENT MANAGER","Role Description":"","Role Name":"PROCUREMENT_MANAGER","ID":23},{"Role Display Name":"S&Q MANAGER","Role Description":"","Role Name":"S&Q_MANAGER","ID":24},{"Role Display Name":"LEGAL MANAGER","Role Description":"","Role Name":"LEGAL_MANAGER","ID":25},{"Role Display Name":"CHIEF ACCOUNTANT","Role Description":"","Role Name":"CHIEF_ACCOUNTANT","ID":26},{"Role Display Name":"CREW MANAGER","Role Description":"","Role Name":"CREW_MANAGER","ID":27},{"Role Display Name":"POST FIXTURE MANAGER","Role Description":"","Role Name":"POST_FIXTURE_MANAGER","ID":28},{"Role Display Name":"I&C MANAGER","Role Description":"","Role Name":"I&C_MANAGER","ID":29},{"Role Display Name":"IT MANAGER","Role Description":"","Role Name":"IT_MANAGER","ID":30},{"Role Display Name":"CHARTERING OFFICER","Role Description":"","Role Name":"CHARTERING_OFFICER","ID":31},{"Role Display Name":"OPERATIONS OFFICER","Role Description":"","Role Name":"OPERATIONS_OFFICER","ID":32},{"Role Display Name":"TECHNICAL SUPPORT","Role Description":"","Role Name":"TECHNICAL_SUPPORT","ID":33},{"Role Display Name":"BUYER","Role Description":"","Role Name":"BUYER","ID":34},{"Role Display Name":"MARINE OFFICER","Role Description":"","Role Name":"MARINE_OFFICER","ID":35},{"Role Display Name":"ACCOUNTANT","Role Description":"","Role Name":"ACCOUNTANT","ID":36},{"Role Display Name":"CREW OFFICER","Role Description":"","Role Name":"CREW_OFFICER","ID":37},{"Role Display Name":"POST FIXTURE OFFICER","Role Description":"","Role Name":"POST_FIXTURE_OFFICER","ID":38},{"Role Display Name":"I&C OFFICER","Role Description":"","Role Name":"I&C_OFFICER","ID":39},{"Role Display Name":"IT OFFICER","Role Description":"","Role Name":"IT_OFFICER","ID":40}],"groups":[],"groupSelectOptions":[],"rules":[{"Display Name":"To ACTIVITY_2 (Έλεγχος και Προτεινόμενα βήματα)","Relates to Process variable(s)":"","Type":"rule","Mode":null,"Rule Expression":"$AUTO_DECISION_ACTIVITY_1==1","ID":"1","Applies to Activities":"","Error Description":"","Name":"AUTO_DECISION_TRANSITION_2"},{"Display Name":"To END (END)","Relates to Process variable(s)":"","Type":"rule","Mode":null,"Rule Expression":"$AUTO_DECISION_ACTIVITY_1==2","ID":"2","Applies to Activities":"","Error Description":"","Name":"AUTO_DECISION_TRANSITION_3"},{"Display Name":"To ACTIVITY_1 (Υποβολή Δήλωσης)","Relates to Process variable(s)":"","Type":"rule","Mode":null,"Rule Expression":"$AUTO_DECISION_ACTIVITY_2==1","ID":"3","Applies to Activities":"","Error Description":"","Name":"AUTO_DECISION_TRANSITION_4"},{"Display Name":"To END (END)","Relates to Process variable(s)":"","Type":"rule","Mode":null,"Rule Expression":"$AUTO_DECISION_ACTIVITY_2==2","ID":"4","Applies to Activities":"","Error Description":"","Name":"AUTO_DECISION_TRANSITION_5"},{"Display Name":"To ACTIVITY_2 (Έλεγχος και Προτεινόμενα βήματα)","Relates to Process variable(s)":"","Type":"rule","Mode":null,"Rule Expression":"$AUTO_DECISION_ACTIVITY_1==1","ID":"5","Applies to Activities":"","Error Description":"","Name":"AUTO_DECISION_TRANSITION_2"},{"Display Name":"To END (END)","Relates to Process variable(s)":"","Type":"rule","Mode":null,"Rule Expression":"$AUTO_DECISION_ACTIVITY_1==2","ID":"6","Applies to Activities":"","Error Description":"","Name":"AUTO_DECISION_TRANSITION_3"},{"Display Name":"To ACTIVITY_1 (Υποβολή Δήλωσης)","Relates to Process variable(s)":"","Type":"rule","Mode":null,"Rule Expression":"$AUTO_DECISION_ACTIVITY_2==1","ID":"7","Applies to Activities":"","Error Description":"","Name":"AUTO_DECISION_TRANSITION_4"},{"Display Name":"To END (END)","Relates to Process variable(s)":"","Type":"rule","Mode":null,"Rule Expression":"$AUTO_DECISION_ACTIVITY_2==2","ID":"8","Applies to Activities":"","Error Description":"","Name":"AUTO_DECISION_TRANSITION_5"}],"graph":{"cells":[{"wi_performing_user_attribute_value":"","wi_custom_performers":"","wi_script_before":"","wi_initial_delay":"","wi_average_duration":46,"wi_http_before":"","type":"basic.Circle","wi_show_sources_and_targets":false,"wi_subprocess_definition_version":"","wi_times_executed":11,"wi_subject":"","wi_subprocess_for_each_item_in_entity":"","wi_split":"","wi_http_after":"","wi_expected_user_time":null,"wi_performingRole":"GENERIC_ROLE","wi_workitem_resources_json":[],"angle":0,"id":"393748fa-9a5f-4d9b-b36d-efd154ebd528","wi_time_unit":"S","wi_web_service_before":"","wi_script_on_page":"","wi_script_editor":false,"wi_duration_type":"Duration","wi_required_transitions_for_AND_JOIN":null,"wi_type":"SMS","wi_performing_user_attribute":"OFFICE","wi_script_after":"","wi_expected_activity_time":null,"wi_creates_workitem":false,"wi_join":"","wi_attachment":"","wi_web_service_after":"","wi_total_duration":18,"wi_displayName":"START","wi_subprocess_definition_name":"","wi_recipient":"","attrs":{"text":{"font-weight":400,"font-size":10,"font-family":"Arial","text":"START","stroke-width":0,"fill":"#ffffff","stroke":"#000000"},"circle":{"width":50,"stroke-dasharray":"0","stroke-width":1,"fill":"#602320","height":30}},"wi_workitem_variables_json":[{"Variable Name":"PROCESS_INSTANCE_ID","Variable Status":"HIDE"},{"Variable Name":"PROCESS_DEFINITION_ID","Variable Status":"HIDE"},{"Variable Name":"PROCESS_DEFINITION_NAME","Variable Status":"HIDE"},{"Variable Name":"PROCESS_INSTANCE_DATE_STARTED","Variable Status":"HIDE"},{"Variable Name":"PROCESS_INSTANCE_USERNAME","Variable Status":"HIDE"},{"Variable Name":"APPLICATION_ID","Variable Status":"HIDE"},{"Variable Name":"APPLICATION_STATUS","Variable Status":"HIDE"},{"Variable Name":"PROCESS_LOCATION_COORDINATES","Variable Status":"HIDE"},{"Variable Name":"PROCESS_LOCATION_MARKER","Variable Status":"HIDE"},{"Variable Name":"PROCESS_LOCATION_ADDRESS","Variable Status":"HIDE"},{"Variable Name":"PROCESS_LOCATION_TEXT","Variable Status":"HIDE"},{"Variable Name":"GO_DIRECTLY_TO_WORKITEM","Variable Status":"HIDE"},{"Variable Name":"PARENT_PROCESS_DEFINITION_ID","Variable Status":"HIDE"},{"Variable Name":"PARENT_PROCESS_INSTANCE_ID","Variable Status":"HIDE"},{"Variable Name":"PARENT_ACTIVITY_INSTANCE_ID","Variable Status":"HIDE"},{"Variable Name":"PARENT_IS_WAITING","Variable Status":"HIDE"},{"Variable Name":"SUBPROCESS_INSTANCE_ID","Variable Status":"HIDE"},{"Variable Name":"AUTO_DECISION_ACTIVITY_1","Variable Status":"HIDE"},{"Variable Name":"AUTO_DECISION_ACTIVITY_2","Variable Status":"HIDE"}],"size":{"width":85,"height":51},"wi_message":"","wi_description":"","wi_name":"START","z":1,"position":{"x":140,"y":360},"wi_maximum_activity_time":null,"embeds":"","wi_custom_page":""},{"wi_performing_user_attribute_value":"","wi_initial_delay":"","wi_average_duration":173,"type":"devs.Atomic","wi_show_sources_and_targets":false,"outPorts":["out1","out2"],"wi_times_executed":13,"wi_subprocess_for_each_item_in_entity":"","wi_http_after":"","wi_workitem_resources_json":[],"id":"568502ee-0270-4f20-bd31-094792a2ebc3","wi_script_on_page":"","wi_script_editor":false,"wi_duration_type":"Duration","wi_required_transitions_for_AND_JOIN":null,"wi_type":"SMS","wi_performing_user_attribute":"OFFICE","wi_script_after":"","wi_creates_workitem":true,"wi_attachment":"","wi_web_service_after":"","attrs":{".inPorts circle":{"fill":"#dddddd","opacity":0.9},".port-body":{"r":5},".inPorts>.port1>.port-body":{"port":{"id":"in2","type":"in"}},".outPorts>.port0>.port-body":{"port":{"id":"out1","type":"out"}},".outPorts circle":{"fill":"#dddddd","opacity":0.9},".inPorts text, .outPorts text":{"font-size":9},"rect":{"rx":2,"ry":2,"stroke-dasharray":"0","stroke-width":1,"fill":"#ffffff"},".outPorts>.port1":{"ref":".body","ref-dx":0,"ref-y":0.75},".outPorts>.port0>.port-label":{"text":"out1"},".outPorts>.port0":{"ref":".body","ref-dx":0,"ref-y":0.25},".inPorts>.port0>.port-body":{"port":{"id":"in1","type":"in"}},".outPorts>.port1>.port-body":{"port":{"id":"out2","type":"out"}},".inPorts>.port0>.port-label":{"text":"in1"},"text":{"font-weight":400,"font-size":10,"font-family":"Arial","text":"Υποβολή\nΔήλωσης","stroke-width":0,"fill":"#000000","stroke":"#000000"},".inPorts>.port0":{"ref":".body","ref-y":0.25},".outPorts>.port1>.port-label":{"text":"out2"},".inPorts>.port1>.port-label":{"text":"in2"},".inPorts>.port1":{"ref":".body","ref-y":0.75}},"wi_workitem_variables_json":[{"Variable Name":"A","Variable Status":"WRITE"},{"Variable Name":"ONOMA_STELEXOYS_YPAL_SYNERGATH","Variable Status":"WRITE"},{"Variable Name":"B","Variable Status":"WRITE"},{"Variable Name":"UA_HUELA_NA_GNVSTO_SYMFERONTVN","Variable Status":"WRITE"},{"Variable Name":"PARAKALOYME_SYMPLHR_SYGKROYSHS","Variable Status":"WRITE"},{"Variable Name":"AUTO_DECISION_ACTIVITY_1","Variable Status":"WRITE REQUIRED"},{"Variable Name":"PROCESS_INSTANCE_ID","Variable Status":"HIDE"},{"Variable Name":"PROCESS_DEFINITION_ID","Variable Status":"HIDE"},{"Variable Name":"PROCESS_DEFINITION_NAME","Variable Status":"HIDE"},{"Variable Name":"PROCESS_INSTANCE_DATE_STARTED","Variable Status":"HIDE"},{"Variable Name":"PROCESS_INSTANCE_USERNAME","Variable Status":"HIDE"},{"Variable Name":"APPLICATION_ID","Variable Status":"HIDE"},{"Variable Name":"APPLICATION_STATUS","Variable Status":"HIDE"},{"Variable Name":"PROCESS_LOCATION_COORDINATES","Variable Status":"HIDE"},{"Variable Name":"PROCESS_LOCATION_MARKER","Variable Status":"HIDE"},{"Variable Name":"PROCESS_LOCATION_ADDRESS","Variable Status":"HIDE"},{"Variable Name":"PROCESS_LOCATION_TEXT","Variable Status":"HIDE"},{"Variable Name":"GO_DIRECTLY_TO_WORKITEM","Variable Status":"HIDE"},{"Variable Name":"PARENT_PROCESS_DEFINITION_ID","Variable Status":"HIDE"},{"Variable Name":"PARENT_PROCESS_INSTANCE_ID","Variable Status":"HIDE"},{"Variable Name":"PARENT_ACTIVITY_INSTANCE_ID","Variable Status":"HIDE"},{"Variable Name":"PARENT_IS_WAITING","Variable Status":"HIDE"},{"Variable Name":"SUBPROCESS_INSTANCE_ID","Variable Status":"HIDE"},{"Variable Name":"AUTO_DECISION_ACTIVITY_2","Variable Status":"HIDE"}],"size":{"width":85,"height":63.75},"wi_message":"","position":{"x":340,"y":373.625},"wi_maximum_activity_time":null,"embeds":"","wi_custom_performers":"","wi_script_before":"","wi_http_before":"","wi_subprocess_definition_version":"","wi_subject":"","wi_split":"XOR","inPorts":["in1","in2"],"wi_expected_user_time":null,"wi_performingRole":"GENERIC_ROLE","angle":0,"wi_time_unit":"S","wi_web_service_before":"","wi_expected_activity_time":null,"wi_join":"XOR","wi_total_duration":16,"wi_displayName":"Υποβολή Δήλωσης","wi_subprocess_definition_name":"","wi_recipient":"","wi_description":"","wi_name":"ACTIVITY_1","z":2,"wi_custom_page":""},{"wi_performing_user_attribute_value":"","wi_initial_delay":"","wi_average_duration":34,"type":"devs.Atomic","wi_show_sources_and_targets":false,"outPorts":["out1","out2"],"wi_times_executed":17,"wi_subprocess_for_each_item_in_entity":"","wi_http_after":"","wi_workitem_resources_json":[],"id":"a682e736-e153-48c0-b474-02707b1eaafe","wi_script_on_page":"","wi_script_editor":false,"wi_duration_type":"Duration","wi_required_transitions_for_AND_JOIN":null,"wi_type":"SMS","wi_performing_user_attribute":"OFFICE","wi_script_after":"","wi_creates_workitem":true,"wi_attachment":"","wi_web_service_after":"","attrs":{".inPorts circle":{"fill":"#dddddd","opacity":0.9},".port-body":{"r":5},".inPorts>.port1>.port-body":{"port":{"id":"in2","type":"in"}},".outPorts>.port0>.port-body":{"port":{"id":"out1","type":"out"}},".outPorts circle":{"fill":"#dddddd","opacity":0.9},".inPorts text, .outPorts text":{"font-size":9},"rect":{"rx":2,"ry":2,"stroke-dasharray":"0","stroke-width":1,"fill":"#ffffff"},".outPorts>.port1":{"ref":".body","ref-dx":0,"ref-y":0.75},".outPorts>.port0>.port-label":{"text":"out1"},".outPorts>.port0":{"ref":".body","ref-dx":0,"ref-y":0.25},".inPorts>.port0>.port-body":{"port":{"id":"in1","type":"in"}},".outPorts>.port1>.port-body":{"port":{"id":"out2","type":"out"}},".inPorts>.port0>.port-label":{"text":"in1"},"text":{"font-weight":400,"font-size":10,"font-family":"Arial","text":"Έλεγχος και\nΠροτεινόμε\nνα βήματα","stroke-width":0,"fill":"#000000","stroke":"#000000"},".inPorts>.port0":{"ref":".body","ref-y":0.25},".outPorts>.port1>.port-label":{"text":"out2"},".inPorts>.port1>.port-label":{"text":"in2"},".inPorts>.port1":{"ref":".body","ref-y":0.75}},"wi_workitem_variables_json":[{"Variable Name":"A","Variable Status":"WRITE"},{"Variable Name":"ONOMA_STELEXOYS_YPAL_SYNERGATH","Variable Status":"WRITE"},{"Variable Name":"B","Variable Status":"WRITE"},{"Variable Name":"UA_HUELA_NA_GNVSTO_SYMFERONTVN","Variable Status":"WRITE"},{"Variable Name":"PARAKALOYME_SYMPLHR_SYGKROYSHS","Variable Status":"WRITE"},{"Variable Name":"AUTO_DECISION_ACTIVITY_2","Variable Status":"WRITE REQUIRED"},{"Variable Name":"PROCESS_INSTANCE_ID","Variable Status":"HIDE"},{"Variable Name":"PROCESS_DEFINITION_ID","Variable Status":"HIDE"},{"Variable Name":"PROCESS_DEFINITION_NAME","Variable Status":"HIDE"},{"Variable Name":"PROCESS_INSTANCE_DATE_STARTED","Variable Status":"HIDE"},{"Variable Name":"PROCESS_INSTANCE_USERNAME","Variable Status":"HIDE"},{"Variable Name":"APPLICATION_ID","Variable Status":"HIDE"},{"Variable Name":"APPLICATION_STATUS","Variable Status":"HIDE"},{"Variable Name":"PROCESS_LOCATION_COORDINATES","Variable Status":"HIDE"},{"Variable Name":"PROCESS_LOCATION_MARKER","Variable Status":"HIDE"},{"Variable Name":"PROCESS_LOCATION_ADDRESS","Variable Status":"HIDE"},{"Variable Name":"PROCESS_LOCATION_TEXT","Variable Status":"HIDE"},{"Variable Name":"GO_DIRECTLY_TO_WORKITEM","Variable Status":"HIDE"},{"Variable Name":"PARENT_PROCESS_DEFINITION_ID","Variable Status":"HIDE"},{"Variable Name":"PARENT_PROCESS_INSTANCE_ID","Variable Status":"HIDE"},{"Variable Name":"PARENT_ACTIVITY_INSTANCE_ID","Variable Status":"HIDE"},{"Variable Name":"PARENT_IS_WAITING","Variable Status":"HIDE"},{"Variable Name":"SUBPROCESS_INSTANCE_ID","Variable Status":"HIDE"},{"Variable Name":"AUTO_DECISION_ACTIVITY_1","Variable Status":"HIDE"}],"size":{"width":85,"height":63.75},"wi_message":"","position":{"x":560,"y":276.25},"wi_maximum_activity_time":null,"embeds":"","wi_custom_performers":"","wi_script_before":"","wi_http_before":"","wi_subprocess_definition_version":"","wi_subject":"","wi_split":"XOR","inPorts":["in1","in2"],"wi_expected_user_time":null,"wi_performingRole":"GENERIC_ROLE","angle":0,"wi_time_unit":"S","wi_web_service_before":"","wi_expected_activity_time":null,"wi_join":"XOR","wi_total_duration":13,"wi_displayName":"Έλεγχος και Προτεινόμενα βήματα","wi_subprocess_definition_name":"","wi_recipient":"","wi_description":"","wi_name":"ACTIVITY_2","z":3,"wi_custom_page":""},{"wi_performing_user_attribute_value":"","wi_custom_performers":"","wi_script_before":"","wi_initial_delay":"","wi_average_duration":1,"wi_http_before":"","type":"basic.Circle","wi_show_sources_and_targets":false,"wi_subprocess_definition_version":"","wi_times_executed":15,"wi_subject":"","wi_subprocess_for_each_item_in_entity":"","wi_split":"","wi_http_after":"","wi_expected_user_time":null,"wi_performingRole":"GENERIC_ROLE","wi_workitem_resources_json":[],"angle":0,"id":"02dd1fea-2d19-4908-bb23-31a61addd8da","wi_time_unit":"S","wi_web_service_before":"","wi_script_on_page":"","wi_script_editor":false,"wi_duration_type":"Duration","wi_required_transitions_for_AND_JOIN":null,"wi_type":"SMS","wi_performing_user_attribute":"OFFICE","wi_script_after":"","wi_expected_activity_time":null,"wi_creates_workitem":false,"wi_join":"XOR","wi_attachment":"","wi_web_service_after":"","wi_total_duration":19,"wi_displayName":"END","wi_subprocess_definition_name":"","wi_recipient":"","attrs":{"text":{"font-weight":400,"font-size":10,"font-family":"Arial","text":"END","stroke-width":0,"fill":"#ffffff","stroke":"#000000"},"circle":{"width":50,"stroke-dasharray":"0","stroke-width":1,"fill":"#602320","height":30}},"wi_workitem_variables_json":[{"Variable Name":"PROCESS_INSTANCE_ID","Variable Status":"HIDE"},{"Variable Name":"PROCESS_DEFINITION_ID","Variable Status":"HIDE"},{"Variable Name":"PROCESS_DEFINITION_NAME","Variable Status":"HIDE"},{"Variable Name":"PROCESS_INSTANCE_DATE_STARTED","Variable Status":"HIDE"},{"Variable Name":"PROCESS_INSTANCE_USERNAME","Variable Status":"HIDE"},{"Variable Name":"APPLICATION_ID","Variable Status":"HIDE"},{"Variable Name":"APPLICATION_STATUS","Variable Status":"HIDE"},{"Variable Name":"PROCESS_LOCATION_COORDINATES","Variable Status":"HIDE"},{"Variable Name":"PROCESS_LOCATION_MARKER","Variable Status":"HIDE"},{"Variable Name":"PROCESS_LOCATION_ADDRESS","Variable Status":"HIDE"},{"Variable Name":"PROCESS_LOCATION_TEXT","Variable Status":"HIDE"},{"Variable Name":"GO_DIRECTLY_TO_WORKITEM","Variable Status":"HIDE"},{"Variable Name":"PARENT_PROCESS_DEFINITION_ID","Variable Status":"HIDE"},{"Variable Name":"PARENT_PROCESS_INSTANCE_ID","Variable Status":"HIDE"},{"Variable Name":"PARENT_ACTIVITY_INSTANCE_ID","Variable Status":"HIDE"},{"Variable Name":"PARENT_IS_WAITING","Variable Status":"HIDE"},{"Variable Name":"SUBPROCESS_INSTANCE_ID","Variable Status":"HIDE"},{"Variable Name":"AUTO_DECISION_ACTIVITY_1","Variable Status":"HIDE"},{"Variable Name":"AUTO_DECISION_ACTIVITY_2","Variable Status":"HIDE"}],"size":{"width":85,"height":51},"wi_message":"","wi_description":"","wi_name":"END","z":4,"position":{"x":780,"y":380},"wi_maximum_activity_time":null,"embeds":"","wi_custom_page":""},{"tr_description":"","tr_xor_evaluation_order":1,"tr_name":"TRANSITION_1","current_transition":"TRANSITION_1","source":{"id":"393748fa-9a5f-4d9b-b36d-efd154ebd528"},"type":"link","target":{"port":"in2","selector":"g:nth-child(1) > g:nth-child(3) > g:nth-child(2) > circle:nth-child(1)","id":"568502ee-0270-4f20-bd31-094792a2ebc3"},"labels":[{"position":0.5,"attrs":{"text":{"text":"(1)"}}}],"attrs":{".connection":{"stroke-width":1,"stroke":"#000000"},".attributes":{"tr_rule_source":"BPM"},".marker-source":{"transform":"scale(1)","d":"M 0 0 5 0 5 20 0 20 z","fill":"#ffffff"},".marker-target":{"transform":"scale(1)","d":"M 10 0 L 0 5 L 10 10 z","fill":"#000000"},".performance":{"tr_times_executed":14}},"tr_rule_expression":"","router":{"args":{"excludeTypes":"devs.Swimlane"},"name":"manhattan"},"z":5,"id":"12a555e2-c5fd-4f4d-8d57-75d9c12c8aae","embeds":"","smooth":false},{"tr_description":"","tr_xor_evaluation_order":1,"tr_name":"TRANSITION_2","current_transition":"TRANSITION_2","source":{"port":"out1","selector":"g:nth-child(1) > g:nth-child(4) > g:nth-child(1) > circle:nth-child(1)","id":"568502ee-0270-4f20-bd31-094792a2ebc3"},"type":"link","target":{"port":"in1","selector":"g:nth-child(1) > g:nth-child(3) > g:nth-child(1) > circle:nth-child(1)","id":"a682e736-e153-48c0-b474-02707b1eaafe"},"labels":[{"position":0.5,"attrs":{"text":{"text":"(1)"}}}],"attrs":{".connection":{"stroke-width":1,"stroke":"#000000"},".attributes":{"tr_rule_source":"BPM"},".marker-source":{"transform":"scale(1)","d":"M 0 0 5 0 5 20 0 20 z","fill":"#ffffff"},".marker-target":{"transform":"scale(1)","d":"M 10 0 L 0 5 L 10 10 z","fill":"#000000"},".performance":{"tr_times_executed":15}},"tr_rule_expression":"","router":{"args":{"excludeTypes":"devs.Swimlane"},"name":"manhattan"},"z":6,"id":"d632d0d3-db57-4caa-b16d-6991383c59e9","embeds":"","smooth":false},{"tr_description":"","tr_rule_js_grid":false,"tr_xor_evaluation_order":2,"tr_name":"TRANSITION_3","current_transition":"TRANSITION_3","source":{"port":"out2","selector":"g:nth-child(1) > g:nth-child(4) > g:nth-child(2) > circle:nth-child(1)","id":"568502ee-0270-4f20-bd31-094792a2ebc3"},"type":"link","target":{"id":"02dd1fea-2d19-4908-bb23-31a61addd8da"},"labels":[{"position":0.5,"attrs":{"text":{"text":" (1)"}}}],"attrs":{".connection":{"stroke-dasharray":"0","stroke-width":1,"stroke":"#000000"},".attributes":{"tr_rule_source":"BPM"},".marker-source":{"transform":"scale(1)","d":"M 0 0 5 0 5 20 0 20 z","fill":"#ffffff"},".marker-target":{"transform":"scale(1)","d":"M 10 0 L 0 5 L 10 10 z","fill":"#000000"},".performance":{"tr_times_executed":10}},"tr_rule_expression":"","selected_rule":"Select","show_expression_editor":false,"router":{"args":{"excludeTypes":"devs.Swimlane"},"name":"manhattan"},"rules_select_options":["Select"],"z":7,"id":"ad541df6-6b31-4dd6-9cb8-3e03abe36df7","embeds":"","tr_rules":"","smooth":false},{"tr_description":"","tr_xor_evaluation_order":1,"tr_name":"TRANSITION_4","current_transition":"TRANSITION_4","source":{"port":"out1","selector":"g:nth-child(1) > g:nth-child(4) > g:nth-child(1) > circle:nth-child(1)","id":"a682e736-e153-48c0-b474-02707b1eaafe"},"type":"link","target":{"port":"in1","selector":"g:nth-child(1) > g:nth-child(3) > g:nth-child(1) > circle:nth-child(1)","id":"568502ee-0270-4f20-bd31-094792a2ebc3"},"labels":[{"position":0.5,"attrs":{"text":{"text":"(1)"}}}],"attrs":{".connection":{"stroke-width":1,"stroke":"#000000"},".attributes":{"tr_rule_source":"BPM"},".marker-source":{"transform":"scale(1)","d":"M 0 0 5 0 5 20 0 20 z","fill":"#ffffff"},".marker-target":{"transform":"scale(1)","d":"M 10 0 L 0 5 L 10 10 z","fill":"#000000"},".performance":{"tr_times_executed":3}},"tr_rule_expression":"","router":{"args":{"excludeTypes":"devs.Swimlane"},"name":"manhattan"},"z":8,"id":"a166119a-7f7b-42f1-8a2d-476ef73f1f55","embeds":"","smooth":false},{"tr_description":"","tr_xor_evaluation_order":2,"tr_name":"TRANSITION_5","current_transition":"TRANSITION_5","source":{"port":"out2","selector":"g:nth-child(1) > g:nth-child(4) > g:nth-child(2) > circle:nth-child(1)","id":"a682e736-e153-48c0-b474-02707b1eaafe"},"type":"link","target":{"id":"02dd1fea-2d19-4908-bb23-31a61addd8da"},"labels":[{"position":0.5,"attrs":{"text":{"text":" (1)"}}}],"attrs":{".connection":{"stroke-width":1,"stroke":"#000000"},".attributes":{"tr_rule_source":"BPM"},".marker-source":{"transform":"scale(1)","d":"M 0 0 5 0 5 20 0 20 z","fill":"#ffffff"},".marker-target":{"transform":"scale(1)","d":"M 10 0 L 0 5 L 10 10 z","fill":"#000000"},".performance":{"tr_times_executed":19}},"tr_rule_expression":"","router":{"args":{"excludeTypes":"devs.Swimlane"},"name":"manhattan"},"rules_select_options":["Select"],"z":9,"id":"519d58d2-520d-4ecf-9e49-94ffe7cf4d62","embeds":"","smooth":false}]},"entityVariablesSelectOptions":[],"databasetables":[],"info":{"process_group":"SAMPLES","process_sql_start_id":"","startup_screen_uri":"","created":"","description":"PQH Δήλωση Σύγκρουσης Συμφερόντων","process_admin":"GENERIC_ROLE","process_in_force_from":"","version":"1","after_start":"ACTIVITY_1","mode":"RELEASED","displayed_name":"PQH Δήλωση Σύγκρουσης Συμφερόντων","name":"PQH_CONF_INTEREST","process_in_force_to":""},"processresources":[{"Description":"Worktime in man hours","ID":1,"Unit":"manhour(s)","Name":"MAN_HOURS"},{"Description":"Worktime in man days","ID":2,"Unit":"manday(s)","Name":"MAN_DAYS"},{"Description":"Money in local currency","ID":3,"Unit":"currency_unit(s)","Name":"LOCAL_CURRENCY"},{"Description":"Money in foreign currency","ID":4,"Unit":"fx_currency_unit(s)","Name":"FOREIGN_CURRENCY"},{"Description":"Gasoline spent","ID":5,"Unit":"lt","Name":"GASOLINE"},{"Description":"Other resource 1","ID":6,"Unit":"res_unit_1","Name":"OTHER_RESOURCE_1"},{"Description":"Other resource 2","ID":7,"Unit":"res_unit_2","Name":"OTHER_RESOURCE_2"},{"Description":"Other resource 3","ID":8,"Unit":"res_unit_3","Name":"OTHER_RESOURCE_3"},{"Description":"Other resource 4","ID":9,"Unit":"res_unit_4","Name":"OTHER_RESOURCE_4"},{"Description":"Other resource 5","ID":10,"Unit":"res_unit_5","Name":"OTHER_RESOURCE_5"}]}