<ProcessDefinition>
  <FileVersion>1.3</FileVersion>
  <ID>1</ID>
  <Name>PQH_CONF_INTEREST</Name>
  <DisplayName lang="el">PQH Δήλωση Σύγκρουσης Συμφερόντων</DisplayName>
  <Description>PQH Δήλωση Σύγκρουσης Συμφερόντων</Description>
  <Responsible>GENERIC_ROLE</Responsible>
  <Author>internal</Author>
  <Created></Created>
  <ValidFrom></ValidFrom>
  <ValidTo></ValidTo>
  <Version>1</Version>
  <PublicationStatus>RELEASED</PublicationStatus>
  <Group>SAMPLES</Group>
  <ScreenURI></ScreenURI>
  <Priority>10</Priority>
  <Activities>
    <Activity>
      <ID>1</ID>
      <Name>START</Name>
      <DisplayName>START</DisplayName>
      <DisplayName lang="el">START</DisplayName>
      <Description lang="el"></Description>
      <StartMode>AUTO</StartMode>
      <FinishMode>AUTO</FinishMode>
      <Implementation>APPLICATIONS</Implementation>
      <Priority>10</Priority>
      <TimeLimit></TimeLimit>
      <ExpectedActivityTime></ExpectedActivityTime>
      <ExpectedWorkitemTime></ExpectedWorkitemTime>
      <ExpectedUserTime></ExpectedUserTime>
      <NeverReleaseWorkitem>0</NeverReleaseWorkitem>
      <ReleaseWorkitemAfter></ReleaseWorkitemAfter>
      <InitialDelayExpression></InitialDelayExpression>
      <ExpressionType>DURATION</ExpressionType>
      <SplitOperator></SplitOperator>
      <JoinOperator></JoinOperator>
      <JoinRequiredTransitions></JoinRequiredTransitions>
      <CreatesWorkitem>0</CreatesWorkitem>
      <WorkitemName>START</WorkitemName>
      <WorkitemDisplayName>START</WorkitemDisplayName>
      <WorkitemAdminRole></WorkitemAdminRole>
      <WorkitemPerformingRole><![CDATA[<%=getRoleUsernames("GENERIC_ROLE")%>]]></WorkitemPerformingRole>
      <WorkitemScreenURI></WorkitemScreenURI>
      <WorkitemMobileScreenURI></WorkitemMobileScreenURI>
      <WorkitemXSNURI></WorkitemXSNURI>
      <WorkitemDescription></WorkitemDescription>
      <WorkitemVariables>
        <Variable>
          <VariableName>PROCESS_INSTANCE_ID</VariableName>
          <Startup>HIDE</Startup>
          <Order>1</Order>
          <HelpMessage></HelpMessage>
          <Description></Description>
          <Min></Min>
          <Max></Max>
          <Allowed></Allowed>
          <Deviation></Deviation>
          <Random></Random>
        </Variable>
        <Variable>
          <VariableName>PROCESS_DEFINITION_ID</VariableName>
          <Startup>HIDE</Startup>
          <Order>2</Order>
          <HelpMessage></HelpMessage>
          <Description></Description>
          <Min></Min>
          <Max></Max>
          <Allowed></Allowed>
          <Deviation></Deviation>
          <Random></Random>
        </Variable>
        <Variable>
          <VariableName>PROCESS_DEFINITION_NAME</VariableName>
          <Startup>HIDE</Startup>
          <Order>3</Order>
          <HelpMessage></HelpMessage>
          <Description></Description>
          <Min></Min>
          <Max></Max>
          <Allowed></Allowed>
          <Deviation></Deviation>
          <Random></Random>
        </Variable>
        <Variable>
          <VariableName>PROCESS_INSTANCE_DATE_STARTED</VariableName>
          <Startup>HIDE</Startup>
          <Order>4</Order>
          <HelpMessage></HelpMessage>
          <Description></Description>
          <Min></Min>
          <Max></Max>
          <Allowed></Allowed>
          <Deviation></Deviation>
          <Random></Random>
        </Variable>
        <Variable>
          <VariableName>PROCESS_INSTANCE_USERNAME</VariableName>
          <Startup>HIDE</Startup>
          <Order>5</Order>
          <HelpMessage></HelpMessage>
          <Description></Description>
          <Min></Min>
          <Max></Max>
          <Allowed></Allowed>
          <Deviation></Deviation>
          <Random></Random>
        </Variable>
        <Variable>
          <VariableName>APPLICATION_ID</VariableName>
          <Startup>HIDE</Startup>
          <Order>6</Order>
          <HelpMessage></HelpMessage>
          <Description></Description>
          <Min></Min>
          <Max></Max>
          <Allowed></Allowed>
          <Deviation></Deviation>
          <Random></Random>
        </Variable>
        <Variable>
          <VariableName>APPLICATION_STATUS</VariableName>
          <Startup>HIDE</Startup>
          <Order>7</Order>
          <HelpMessage></HelpMessage>
          <Description></Description>
          <Min></Min>
          <Max></Max>
          <Allowed></Allowed>
          <Deviation></Deviation>
          <Random></Random>
        </Variable>
        <Variable>
          <VariableName>PROCESS_LOCATION_COORDINATES</VariableName>
          <Startup>HIDE</Startup>
          <Order>8</Order>
          <HelpMessage></HelpMessage>
          <Description></Description>
          <Min></Min>
          <Max></Max>
          <Allowed></Allowed>
          <Deviation></Deviation>
          <Random></Random>
        </Variable>
        <Variable>
          <VariableName>PROCESS_LOCATION_MARKER</VariableName>
          <Startup>HIDE</Startup>
          <Order>9</Order>
          <HelpMessage></HelpMessage>
          <Description></Description>
          <Min></Min>
          <Max></Max>
          <Allowed></Allowed>
          <Deviation></Deviation>
          <Random></Random>
        </Variable>
        <Variable>
          <VariableName>PROCESS_LOCATION_ADDRESS</VariableName>
          <Startup>HIDE</Startup>
          <Order>10</Order>
          <HelpMessage></HelpMessage>
          <Description></Description>
          <Min></Min>
          <Max></Max>
          <Allowed></Allowed>
          <Deviation></Deviation>
          <Random></Random>
        </Variable>
        <Variable>
          <VariableName>PROCESS_LOCATION_TEXT</VariableName>
          <Startup>HIDE</Startup>
          <Order>11</Order>
          <HelpMessage></HelpMessage>
          <Description></Description>
          <Min></Min>
          <Max></Max>
          <Allowed></Allowed>
          <Deviation></Deviation>
          <Random></Random>
        </Variable>
        <Variable>
          <VariableName>GO_DIRECTLY_TO_WORKITEM</VariableName>
          <Startup>HIDE</Startup>
          <Order>12</Order>
          <HelpMessage></HelpMessage>
          <Description></Description>
          <Min></Min>
          <Max></Max>
          <Allowed></Allowed>
          <Deviation></Deviation>
          <Random></Random>
        </Variable>
        <Variable>
          <VariableName>PARENT_PROCESS_DEFINITION_ID</VariableName>
          <Startup>HIDE</Startup>
          <Order>13</Order>
          <HelpMessage></HelpMessage>
          <Description></Description>
          <Min></Min>
          <Max></Max>
          <Allowed></Allowed>
          <Deviation></Deviation>
          <Random></Random>
        </Variable>
        <Variable>
          <VariableName>PARENT_PROCESS_INSTANCE_ID</VariableName>
          <Startup>HIDE</Startup>
          <Order>14</Order>
          <HelpMessage></HelpMessage>
          <Description></Description>
          <Min></Min>
          <Max></Max>
          <Allowed></Allowed>
          <Deviation></Deviation>
          <Random></Random>
        </Variable>
        <Variable>
          <VariableName>PARENT_ACTIVITY_INSTANCE_ID</VariableName>
          <Startup>HIDE</Startup>
          <Order>15</Order>
          <HelpMessage></HelpMessage>
          <Description></Description>
          <Min></Min>
          <Max></Max>
          <Allowed></Allowed>
          <Deviation></Deviation>
          <Random></Random>
        </Variable>
        <Variable>
          <VariableName>PARENT_IS_WAITING</VariableName>
          <Startup>HIDE</Startup>
          <Order>16</Order>
          <HelpMessage></HelpMessage>
          <Description></Description>
          <Min></Min>
          <Max></Max>
          <Allowed></Allowed>
          <Deviation></Deviation>
          <Random></Random>
        </Variable>
        <Variable>
          <VariableName>SUBPROCESS_INSTANCE_ID</VariableName>
          <Startup>HIDE</Startup>
          <Order>17</Order>
          <HelpMessage></HelpMessage>
          <Description></Description>
          <Min></Min>
          <Max></Max>
          <Allowed></Allowed>
          <Deviation></Deviation>
          <Random></Random>
        </Variable>
        <Variable>
          <VariableName>AUTO_DECISION_ACTIVITY_1</VariableName>
          <Startup>HIDE</Startup>
          <Order>18</Order>
          <HelpMessage></HelpMessage>
          <Description></Description>
          <Min></Min>
          <Max></Max>
          <Allowed></Allowed>
          <Deviation></Deviation>
          <Random></Random>
        </Variable>
        <Variable>
          <VariableName>AUTO_DECISION_ACTIVITY_2</VariableName>
          <Startup>HIDE</Startup>
          <Order>19</Order>
          <HelpMessage></HelpMessage>
          <Description></Description>
          <Min></Min>
          <Max></Max>
          <Allowed></Allowed>
          <Deviation></Deviation>
          <Random></Random>
        </Variable>
      </WorkitemVariables>
      <Entities></Entities>
      <Services>
        <Service>
          <ID>0</ID>
          <Name>Invoke Service.START</Name>
          <Application>BSF_SCRIPT</Application>
          <PublicationStatus>RELEASED</PublicationStatus>
          <Description></Description>
          <ExecutionMode></ExecutionMode>
          <Order>-1</Order>
          <IgnoreErrors>0</IgnoreErrors>
          <Variables>
            <Variable>
              <ApplicationVariable>SCRIPT_URL_OR_PATH</ApplicationVariable>
              <ProcessVariable>STARTJOIN_bsf.java</ProcessVariable>
            </Variable>
            <Variable>
              <ApplicationVariable>BSF_Language</ApplicationVariable>
              <ProcessVariable></ProcessVariable>
            </Variable>
            <Variable>
              <ApplicationVariable>BSF_Script</ApplicationVariable>
              <ProcessVariable></ProcessVariable>
            </Variable>
          </Variables>
          <ReturnVariable></ReturnVariable>
        </Service>
        <Service>
          <ID>1</ID>
          <Name>Invoke Service.START</Name>
          <Application>BSF_SCRIPT</Application>
          <PublicationStatus>RELEASED</PublicationStatus>
          <Description></Description>
          <ExecutionMode></ExecutionMode>
          <Order>1</Order>
          <IgnoreErrors>0</IgnoreErrors>
          <Variables>
            <Variable>
              <ApplicationVariable>SCRIPT_URL_OR_PATH</ApplicationVariable>
              <ProcessVariable>STARTSPLIT_bsf.java</ProcessVariable>
            </Variable>
            <Variable>
              <ApplicationVariable>BSF_Language</ApplicationVariable>
              <ProcessVariable></ProcessVariable>
            </Variable>
            <Variable>
              <ApplicationVariable>BSF_Script</ApplicationVariable>
              <ProcessVariable></ProcessVariable>
            </Variable>
          </Variables>
          <ReturnVariable></ReturnVariable>
        </Service>
      </Services>
      <Resources></Resources>
      <SubprocessName></SubprocessName>
      <SubprocessVersion></SubprocessVersion>
      <SubprocessExecMode>0</SubprocessExecMode>
      <SubprocessVariablesIN></SubprocessVariablesIN>
      <SubprocessVariablesOUT></SubprocessVariablesOUT>
      <Simulation>
        <Rule_Expression></Rule_Expression>
        <Probability_From></Probability_From>
        <Probability_To></Probability_To>
        <Perform_UserName></Perform_UserName>
        <Active>0</Active>
      </Simulation>
      <IncomingTransitions></IncomingTransitions>
      <OutgoingTransitions>
        <Transition>
          <ID>1</ID>
          <Name>TRANSITION_1</Name>
          <Description lang="el"></Description>
          <Order>1</Order>
          <Enabled>Yes</Enabled>
          <Activity>ACTIVITY_1</Activity>
          <Rules></Rules>
        </Transition>
      </OutgoingTransitions>
    </Activity>
    <Activity>
      <ID>2</ID>
      <Name>ACTIVITY_1</Name>
      <DisplayName>Υποβολή Δήλωσης</DisplayName>
      <DisplayName lang="el">Υποβολή Δήλωσης</DisplayName>
      <Description lang="el"></Description>
      <StartMode>MANUAL</StartMode>
      <FinishMode>AUTO</FinishMode>
      <Implementation>APPLICATIONS</Implementation>
      <Priority>10</Priority>
      <TimeLimit></TimeLimit>
      <ExpectedActivityTime></ExpectedActivityTime>
      <ExpectedWorkitemTime></ExpectedWorkitemTime>
      <ExpectedUserTime></ExpectedUserTime>
      <NeverReleaseWorkitem>0</NeverReleaseWorkitem>
      <ReleaseWorkitemAfter></ReleaseWorkitemAfter>
      <InitialDelayExpression></InitialDelayExpression>
      <ExpressionType>DURATION</ExpressionType>
      <SplitOperator>XOR</SplitOperator>
      <JoinOperator>XOR</JoinOperator>
      <JoinRequiredTransitions></JoinRequiredTransitions>
      <CreatesWorkitem>1</CreatesWorkitem>
      <WorkitemName>ACTIVITY_1</WorkitemName>
      <WorkitemDisplayName>Υποβολή Δήλωσης</WorkitemDisplayName>
      <WorkitemAdminRole></WorkitemAdminRole>
      <WorkitemPerformingRole><![CDATA[<%=getRoleUsernames("GENERIC_ROLE")%>]]></WorkitemPerformingRole>
      <WorkitemScreenURI></WorkitemScreenURI>
      <WorkitemMobileScreenURI></WorkitemMobileScreenURI>
      <WorkitemXSNURI></WorkitemXSNURI>
      <WorkitemDescription></WorkitemDescription>
      <WorkitemVariables>
        <Variable>
          <VariableName>A</VariableName>
          <Startup>WRITE</Startup>
          <Order>1</Order>
          <HelpMessage></HelpMessage>
          <Description></Description>
          <Min></Min>
          <Max></Max>
          <Allowed></Allowed>
          <Deviation></Deviation>
          <Random></Random>
        </Variable>
        <Variable>
          <VariableName>ONOMA_STELEXOYS_YPAL_SYNERGATH</VariableName>
          <Startup>WRITE</Startup>
          <Order>1</Order>
          <HelpMessage></HelpMessage>
          <Description></Description>
          <Min></Min>
          <Max></Max>
          <Allowed></Allowed>
          <Deviation></Deviation>
          <Random></Random>
        </Variable>
        <Variable>
          <VariableName>B</VariableName>
          <Startup>WRITE</Startup>
          <Order>1</Order>
          <HelpMessage></HelpMessage>
          <Description></Description>
          <Min></Min>
          <Max></Max>
          <Allowed></Allowed>
          <Deviation></Deviation>
          <Random></Random>
        </Variable>
        <Variable>
          <VariableName>UA_HUELA_NA_GNVSTO_SYMFERONTVN</VariableName>
          <Startup>WRITE</Startup>
          <Order>1</Order>
          <HelpMessage></HelpMessage>
          <Description></Description>
          <Min></Min>
          <Max></Max>
          <Allowed></Allowed>
          <Deviation></Deviation>
          <Random></Random>
        </Variable>
        <Variable>
          <VariableName>PARAKALOYME_SYMPLHR_SYGKROYSHS</VariableName>
          <Startup>WRITE</Startup>
          <Order>1</Order>
          <HelpMessage></HelpMessage>
          <Description></Description>
          <Min></Min>
          <Max></Max>
          <Allowed></Allowed>
          <Deviation></Deviation>
          <Random></Random>
        </Variable>
        <Variable>
          <VariableName>AUTO_DECISION_ACTIVITY_1</VariableName>
          <Startup>WRITE REQUIRED</Startup>
          <Order>100</Order>
          <HelpMessage></HelpMessage>
          <Description></Description>
          <Min></Min>
          <Max></Max>
          <Allowed></Allowed>
          <Deviation></Deviation>
          <Random></Random>
        </Variable>
        <Variable>
          <VariableName>PROCESS_INSTANCE_ID</VariableName>
          <Startup>HIDE</Startup>
          <Order>7</Order>
          <HelpMessage></HelpMessage>
          <Description></Description>
          <Min></Min>
          <Max></Max>
          <Allowed></Allowed>
          <Deviation></Deviation>
          <Random></Random>
        </Variable>
        <Variable>
          <VariableName>PROCESS_DEFINITION_ID</VariableName>
          <Startup>HIDE</Startup>
          <Order>8</Order>
          <HelpMessage></HelpMessage>
          <Description></Description>
          <Min></Min>
          <Max></Max>
          <Allowed></Allowed>
          <Deviation></Deviation>
          <Random></Random>
        </Variable>
        <Variable>
          <VariableName>PROCESS_DEFINITION_NAME</VariableName>
          <Startup>HIDE</Startup>
          <Order>9</Order>
          <HelpMessage></HelpMessage>
          <Description></Description>
          <Min></Min>
          <Max></Max>
          <Allowed></Allowed>
          <Deviation></Deviation>
          <Random></Random>
        </Variable>
        <Variable>
          <VariableName>PROCESS_INSTANCE_DATE_STARTED</VariableName>
          <Startup>HIDE</Startup>
          <Order>10</Order>
          <HelpMessage></HelpMessage>
          <Description></Description>
          <Min></Min>
          <Max></Max>
          <Allowed></Allowed>
          <Deviation></Deviation>
          <Random></Random>
        </Variable>
        <Variable>
          <VariableName>PROCESS_INSTANCE_USERNAME</VariableName>
          <Startup>HIDE</Startup>
          <Order>11</Order>
          <HelpMessage></HelpMessage>
          <Description></Description>
          <Min></Min>
          <Max></Max>
          <Allowed></Allowed>
          <Deviation></Deviation>
          <Random></Random>
        </Variable>
        <Variable>
          <VariableName>APPLICATION_ID</VariableName>
          <Startup>HIDE</Startup>
          <Order>12</Order>
          <HelpMessage></HelpMessage>
          <Description></Description>
          <Min></Min>
          <Max></Max>
          <Allowed></Allowed>
          <Deviation></Deviation>
          <Random></Random>
        </Variable>
        <Variable>
          <VariableName>APPLICATION_STATUS</VariableName>
          <Startup>HIDE</Startup>
          <Order>13</Order>
          <HelpMessage></HelpMessage>
          <Description></Description>
          <Min></Min>
          <Max></Max>
          <Allowed></Allowed>
          <Deviation></Deviation>
          <Random></Random>
        </Variable>
        <Variable>
          <VariableName>PROCESS_LOCATION_COORDINATES</VariableName>
          <Startup>HIDE</Startup>
          <Order>14</Order>
          <HelpMessage></HelpMessage>
          <Description></Description>
          <Min></Min>
          <Max></Max>
          <Allowed></Allowed>
          <Deviation></Deviation>
          <Random></Random>
        </Variable>
        <Variable>
          <VariableName>PROCESS_LOCATION_MARKER</VariableName>
          <Startup>HIDE</Startup>
          <Order>15</Order>
          <HelpMessage></HelpMessage>
          <Description></Description>
          <Min></Min>
          <Max></Max>
          <Allowed></Allowed>
          <Deviation></Deviation>
          <Random></Random>
        </Variable>
        <Variable>
          <VariableName>PROCESS_LOCATION_ADDRESS</VariableName>
          <Startup>HIDE</Startup>
          <Order>16</Order>
          <HelpMessage></HelpMessage>
          <Description></Description>
          <Min></Min>
          <Max></Max>
          <Allowed></Allowed>
          <Deviation></Deviation>
          <Random></Random>
        </Variable>
        <Variable>
          <VariableName>PROCESS_LOCATION_TEXT</VariableName>
          <Startup>HIDE</Startup>
          <Order>17</Order>
          <HelpMessage></HelpMessage>
          <Description></Description>
          <Min></Min>
          <Max></Max>
          <Allowed></Allowed>
          <Deviation></Deviation>
          <Random></Random>
        </Variable>
        <Variable>
          <VariableName>GO_DIRECTLY_TO_WORKITEM</VariableName>
          <Startup>HIDE</Startup>
          <Order>18</Order>
          <HelpMessage></HelpMessage>
          <Description></Description>
          <Min></Min>
          <Max></Max>
          <Allowed></Allowed>
          <Deviation></Deviation>
          <Random></Random>
        </Variable>
        <Variable>
          <VariableName>PARENT_PROCESS_DEFINITION_ID</VariableName>
          <Startup>HIDE</Startup>
          <Order>19</Order>
          <HelpMessage></HelpMessage>
          <Description></Description>
          <Min></Min>
          <Max></Max>
          <Allowed></Allowed>
          <Deviation></Deviation>
          <Random></Random>
        </Variable>
        <Variable>
          <VariableName>PARENT_PROCESS_INSTANCE_ID</VariableName>
          <Startup>HIDE</Startup>
          <Order>20</Order>
          <HelpMessage></HelpMessage>
          <Description></Description>
          <Min></Min>
          <Max></Max>
          <Allowed></Allowed>
          <Deviation></Deviation>
          <Random></Random>
        </Variable>
        <Variable>
          <VariableName>PARENT_ACTIVITY_INSTANCE_ID</VariableName>
          <Startup>HIDE</Startup>
          <Order>21</Order>
          <HelpMessage></HelpMessage>
          <Description></Description>
          <Min></Min>
          <Max></Max>
          <Allowed></Allowed>
          <Deviation></Deviation>
          <Random></Random>
        </Variable>
        <Variable>
          <VariableName>PARENT_IS_WAITING</VariableName>
          <Startup>HIDE</Startup>
          <Order>22</Order>
          <HelpMessage></HelpMessage>
          <Description></Description>
          <Min></Min>
          <Max></Max>
          <Allowed></Allowed>
          <Deviation></Deviation>
          <Random></Random>
        </Variable>
        <Variable>
          <VariableName>SUBPROCESS_INSTANCE_ID</VariableName>
          <Startup>HIDE</Startup>
          <Order>23</Order>
          <HelpMessage></HelpMessage>
          <Description></Description>
          <Min></Min>
          <Max></Max>
          <Allowed></Allowed>
          <Deviation></Deviation>
          <Random></Random>
        </Variable>
        <Variable>
          <VariableName>AUTO_DECISION_ACTIVITY_2</VariableName>
          <Startup>HIDE</Startup>
          <Order>24</Order>
          <HelpMessage></HelpMessage>
          <Description></Description>
          <Min></Min>
          <Max></Max>
          <Allowed></Allowed>
          <Deviation></Deviation>
          <Random></Random>
        </Variable>
      </WorkitemVariables>
      <Entities></Entities>
      <Services>
        <Service>
          <ID>0</ID>
          <Name>Invoke Service.ACTIVITY_1</Name>
          <Application>BSF_SCRIPT</Application>
          <PublicationStatus>RELEASED</PublicationStatus>
          <Description></Description>
          <ExecutionMode></ExecutionMode>
          <Order>-1</Order>
          <IgnoreErrors>0</IgnoreErrors>
          <Variables>
            <Variable>
              <ApplicationVariable>SCRIPT_URL_OR_PATH</ApplicationVariable>
              <ProcessVariable>ACTIVITY_1JOIN_bsf.java</ProcessVariable>
            </Variable>
            <Variable>
              <ApplicationVariable>BSF_Language</ApplicationVariable>
              <ProcessVariable></ProcessVariable>
            </Variable>
            <Variable>
              <ApplicationVariable>BSF_Script</ApplicationVariable>
              <ProcessVariable></ProcessVariable>
            </Variable>
          </Variables>
          <ReturnVariable></ReturnVariable>
        </Service>
        <Service>
          <ID>1</ID>
          <Name>Invoke Service.ACTIVITY_1</Name>
          <Application>BSF_SCRIPT</Application>
          <PublicationStatus>RELEASED</PublicationStatus>
          <Description></Description>
          <ExecutionMode></ExecutionMode>
          <Order>1</Order>
          <IgnoreErrors>0</IgnoreErrors>
          <Variables>
            <Variable>
              <ApplicationVariable>SCRIPT_URL_OR_PATH</ApplicationVariable>
              <ProcessVariable>ACTIVITY_1SPLIT_bsf.java</ProcessVariable>
            </Variable>
            <Variable>
              <ApplicationVariable>BSF_Language</ApplicationVariable>
              <ProcessVariable></ProcessVariable>
            </Variable>
            <Variable>
              <ApplicationVariable>BSF_Script</ApplicationVariable>
              <ProcessVariable></ProcessVariable>
            </Variable>
          </Variables>
          <ReturnVariable></ReturnVariable>
        </Service>
      </Services>
      <Resources></Resources>
      <SubprocessName></SubprocessName>
      <SubprocessVersion></SubprocessVersion>
      <SubprocessExecMode>0</SubprocessExecMode>
      <SubprocessVariablesIN></SubprocessVariablesIN>
      <SubprocessVariablesOUT></SubprocessVariablesOUT>
      <Simulation>
        <Rule_Expression></Rule_Expression>
        <Probability_From></Probability_From>
        <Probability_To></Probability_To>
        <Perform_UserName></Perform_UserName>
        <Active>0</Active>
      </Simulation>
      <IncomingTransitions>
        <Transition>
          <ID>1</ID>
          <Name>TRANSITION_1</Name>
          <Description lang="el"></Description>
          <Order>1</Order>
          <Enabled>Yes</Enabled>
          <Activity>START</Activity>
          <Rules></Rules>
        </Transition>
        <Transition>
          <ID>4</ID>
          <Name>TRANSITION_4</Name>
          <Description lang="el"></Description>
          <Order>1</Order>
          <Enabled>Yes</Enabled>
          <Activity>ACTIVITY_2</Activity>
          <Rules>AUTO_DECISION_TRANSITION_4 is TRUE</Rules>
        </Transition>
      </IncomingTransitions>
      <OutgoingTransitions>
        <Transition>
          <ID>2</ID>
          <Name>TRANSITION_2</Name>
          <Description lang="el"></Description>
          <Order>1</Order>
          <Enabled>Yes</Enabled>
          <Activity>ACTIVITY_2</Activity>
          <Rules>AUTO_DECISION_TRANSITION_2 is TRUE</Rules>
        </Transition>
        <Transition>
          <ID>3</ID>
          <Name>TRANSITION_3</Name>
          <Description lang="el"></Description>
          <Order>2</Order>
          <Enabled>Yes</Enabled>
          <Activity>END</Activity>
          <Rules>AUTO_DECISION_TRANSITION_3 is TRUE</Rules>
        </Transition>
      </OutgoingTransitions>
    </Activity>
    <Activity>
      <ID>3</ID>
      <Name>ACTIVITY_2</Name>
      <DisplayName>Έλεγχος και Προτεινόμενα βήματα</DisplayName>
      <DisplayName lang="el">Έλεγχος και Προτεινόμενα βήματα</DisplayName>
      <Description lang="el"></Description>
      <StartMode>MANUAL</StartMode>
      <FinishMode>AUTO</FinishMode>
      <Implementation>APPLICATIONS</Implementation>
      <Priority>10</Priority>
      <TimeLimit></TimeLimit>
      <ExpectedActivityTime></ExpectedActivityTime>
      <ExpectedWorkitemTime></ExpectedWorkitemTime>
      <ExpectedUserTime></ExpectedUserTime>
      <NeverReleaseWorkitem>0</NeverReleaseWorkitem>
      <ReleaseWorkitemAfter></ReleaseWorkitemAfter>
      <InitialDelayExpression></InitialDelayExpression>
      <ExpressionType>DURATION</ExpressionType>
      <SplitOperator>XOR</SplitOperator>
      <JoinOperator>XOR</JoinOperator>
      <JoinRequiredTransitions></JoinRequiredTransitions>
      <CreatesWorkitem>1</CreatesWorkitem>
      <WorkitemName>ACTIVITY_2</WorkitemName>
      <WorkitemDisplayName>Έλεγχος και Προτεινόμενα βήματα</WorkitemDisplayName>
      <WorkitemAdminRole></WorkitemAdminRole>
      <WorkitemPerformingRole><![CDATA[<%=getRoleUsernames("GENERIC_ROLE")%>]]></WorkitemPerformingRole>
      <WorkitemScreenURI></WorkitemScreenURI>
      <WorkitemMobileScreenURI></WorkitemMobileScreenURI>
      <WorkitemXSNURI></WorkitemXSNURI>
      <WorkitemDescription></WorkitemDescription>
      <WorkitemVariables>
        <Variable>
          <VariableName>A</VariableName>
          <Startup>WRITE</Startup>
          <Order>1</Order>
          <HelpMessage></HelpMessage>
          <Description></Description>
          <Min></Min>
          <Max></Max>
          <Allowed></Allowed>
          <Deviation></Deviation>
          <Random></Random>
        </Variable>
        <Variable>
          <VariableName>ONOMA_STELEXOYS_YPAL_SYNERGATH</VariableName>
          <Startup>WRITE</Startup>
          <Order>1</Order>
          <HelpMessage></HelpMessage>
          <Description></Description>
          <Min></Min>
          <Max></Max>
          <Allowed></Allowed>
          <Deviation></Deviation>
          <Random></Random>
        </Variable>
        <Variable>
          <VariableName>B</VariableName>
          <Startup>WRITE</Startup>
          <Order>1</Order>
          <HelpMessage></HelpMessage>
          <Description></Description>
          <Min></Min>
          <Max></Max>
          <Allowed></Allowed>
          <Deviation></Deviation>
          <Random></Random>
        </Variable>
        <Variable>
          <VariableName>UA_HUELA_NA_GNVSTO_SYMFERONTVN</VariableName>
          <Startup>WRITE</Startup>
          <Order>1</Order>
          <HelpMessage></HelpMessage>
          <Description></Description>
          <Min></Min>
          <Max></Max>
          <Allowed></Allowed>
          <Deviation></Deviation>
          <Random></Random>
        </Variable>
        <Variable>
          <VariableName>PARAKALOYME_SYMPLHR_SYGKROYSHS</VariableName>
          <Startup>WRITE</Startup>
          <Order>1</Order>
          <HelpMessage></HelpMessage>
          <Description></Description>
          <Min></Min>
          <Max></Max>
          <Allowed></Allowed>
          <Deviation></Deviation>
          <Random></Random>
        </Variable>
        <Variable>
          <VariableName>AUTO_DECISION_ACTIVITY_2</VariableName>
          <Startup>WRITE REQUIRED</Startup>
          <Order>100</Order>
          <HelpMessage></HelpMessage>
          <Description></Description>
          <Min></Min>
          <Max></Max>
          <Allowed></Allowed>
          <Deviation></Deviation>
          <Random></Random>
        </Variable>
        <Variable>
          <VariableName>PROCESS_INSTANCE_ID</VariableName>
          <Startup>HIDE</Startup>
          <Order>7</Order>
          <HelpMessage></HelpMessage>
          <Description></Description>
          <Min></Min>
          <Max></Max>
          <Allowed></Allowed>
          <Deviation></Deviation>
          <Random></Random>
        </Variable>
        <Variable>
          <VariableName>PROCESS_DEFINITION_ID</VariableName>
          <Startup>HIDE</Startup>
          <Order>8</Order>
          <HelpMessage></HelpMessage>
          <Description></Description>
          <Min></Min>
          <Max></Max>
          <Allowed></Allowed>
          <Deviation></Deviation>
          <Random></Random>
        </Variable>
        <Variable>
          <VariableName>PROCESS_DEFINITION_NAME</VariableName>
          <Startup>HIDE</Startup>
          <Order>9</Order>
          <HelpMessage></HelpMessage>
          <Description></Description>
          <Min></Min>
          <Max></Max>
          <Allowed></Allowed>
          <Deviation></Deviation>
          <Random></Random>
        </Variable>
        <Variable>
          <VariableName>PROCESS_INSTANCE_DATE_STARTED</VariableName>
          <Startup>HIDE</Startup>
          <Order>10</Order>
          <HelpMessage></HelpMessage>
          <Description></Description>
          <Min></Min>
          <Max></Max>
          <Allowed></Allowed>
          <Deviation></Deviation>
          <Random></Random>
        </Variable>
        <Variable>
          <VariableName>PROCESS_INSTANCE_USERNAME</VariableName>
          <Startup>HIDE</Startup>
          <Order>11</Order>
          <HelpMessage></HelpMessage>
          <Description></Description>
          <Min></Min>
          <Max></Max>
          <Allowed></Allowed>
          <Deviation></Deviation>
          <Random></Random>
        </Variable>
        <Variable>
          <VariableName>APPLICATION_ID</VariableName>
          <Startup>HIDE</Startup>
          <Order>12</Order>
          <HelpMessage></HelpMessage>
          <Description></Description>
          <Min></Min>
          <Max></Max>
          <Allowed></Allowed>
          <Deviation></Deviation>
          <Random></Random>
        </Variable>
        <Variable>
          <VariableName>APPLICATION_STATUS</VariableName>
          <Startup>HIDE</Startup>
          <Order>13</Order>
          <HelpMessage></HelpMessage>
          <Description></Description>
          <Min></Min>
          <Max></Max>
          <Allowed></Allowed>
          <Deviation></Deviation>
          <Random></Random>
        </Variable>
        <Variable>
          <VariableName>PROCESS_LOCATION_COORDINATES</VariableName>
          <Startup>HIDE</Startup>
          <Order>14</Order>
          <HelpMessage></HelpMessage>
          <Description></Description>
          <Min></Min>
          <Max></Max>
          <Allowed></Allowed>
          <Deviation></Deviation>
          <Random></Random>
        </Variable>
        <Variable>
          <VariableName>PROCESS_LOCATION_MARKER</VariableName>
          <Startup>HIDE</Startup>
          <Order>15</Order>
          <HelpMessage></HelpMessage>
          <Description></Description>
          <Min></Min>
          <Max></Max>
          <Allowed></Allowed>
          <Deviation></Deviation>
          <Random></Random>
        </Variable>
        <Variable>
          <VariableName>PROCESS_LOCATION_ADDRESS</VariableName>
          <Startup>HIDE</Startup>
          <Order>16</Order>
          <HelpMessage></HelpMessage>
          <Description></Description>
          <Min></Min>
          <Max></Max>
          <Allowed></Allowed>
          <Deviation></Deviation>
          <Random></Random>
        </Variable>
        <Variable>
          <VariableName>PROCESS_LOCATION_TEXT</VariableName>
          <Startup>HIDE</Startup>
          <Order>17</Order>
          <HelpMessage></HelpMessage>
          <Description></Description>
          <Min></Min>
          <Max></Max>
          <Allowed></Allowed>
          <Deviation></Deviation>
          <Random></Random>
        </Variable>
        <Variable>
          <VariableName>GO_DIRECTLY_TO_WORKITEM</VariableName>
          <Startup>HIDE</Startup>
          <Order>18</Order>
          <HelpMessage></HelpMessage>
          <Description></Description>
          <Min></Min>
          <Max></Max>
          <Allowed></Allowed>
          <Deviation></Deviation>
          <Random></Random>
        </Variable>
        <Variable>
          <VariableName>PARENT_PROCESS_DEFINITION_ID</VariableName>
          <Startup>HIDE</Startup>
          <Order>19</Order>
          <HelpMessage></HelpMessage>
          <Description></Description>
          <Min></Min>
          <Max></Max>
          <Allowed></Allowed>
          <Deviation></Deviation>
          <Random></Random>
        </Variable>
        <Variable>
          <VariableName>PARENT_PROCESS_INSTANCE_ID</VariableName>
          <Startup>HIDE</Startup>
          <Order>20</Order>
          <HelpMessage></HelpMessage>
          <Description></Description>
          <Min></Min>
          <Max></Max>
          <Allowed></Allowed>
          <Deviation></Deviation>
          <Random></Random>
        </Variable>
        <Variable>
          <VariableName>PARENT_ACTIVITY_INSTANCE_ID</VariableName>
          <Startup>HIDE</Startup>
          <Order>21</Order>
          <HelpMessage></HelpMessage>
          <Description></Description>
          <Min></Min>
          <Max></Max>
          <Allowed></Allowed>
          <Deviation></Deviation>
          <Random></Random>
        </Variable>
        <Variable>
          <VariableName>PARENT_IS_WAITING</VariableName>
          <Startup>HIDE</Startup>
          <Order>22</Order>
          <HelpMessage></HelpMessage>
          <Description></Description>
          <Min></Min>
          <Max></Max>
          <Allowed></Allowed>
          <Deviation></Deviation>
          <Random></Random>
        </Variable>
        <Variable>
          <VariableName>SUBPROCESS_INSTANCE_ID</VariableName>
          <Startup>HIDE</Startup>
          <Order>23</Order>
          <HelpMessage></HelpMessage>
          <Description></Description>
          <Min></Min>
          <Max></Max>
          <Allowed></Allowed>
          <Deviation></Deviation>
          <Random></Random>
        </Variable>
        <Variable>
          <VariableName>AUTO_DECISION_ACTIVITY_1</VariableName>
          <Startup>HIDE</Startup>
          <Order>24</Order>
          <HelpMessage></HelpMessage>
          <Description></Description>
          <Min></Min>
          <Max></Max>
          <Allowed></Allowed>
          <Deviation></Deviation>
          <Random></Random>
        </Variable>
      </WorkitemVariables>
      <Entities></Entities>
      <Services>
        <Service>
          <ID>0</ID>
          <Name>Invoke Service.ACTIVITY_2</Name>
          <Application>BSF_SCRIPT</Application>
          <PublicationStatus>RELEASED</PublicationStatus>
          <Description></Description>
          <ExecutionMode></ExecutionMode>
          <Order>-1</Order>
          <IgnoreErrors>0</IgnoreErrors>
          <Variables>
            <Variable>
              <ApplicationVariable>SCRIPT_URL_OR_PATH</ApplicationVariable>
              <ProcessVariable>ACTIVITY_2JOIN_bsf.java</ProcessVariable>
            </Variable>
            <Variable>
              <ApplicationVariable>BSF_Language</ApplicationVariable>
              <ProcessVariable></ProcessVariable>
            </Variable>
            <Variable>
              <ApplicationVariable>BSF_Script</ApplicationVariable>
              <ProcessVariable></ProcessVariable>
            </Variable>
          </Variables>
          <ReturnVariable></ReturnVariable>
        </Service>
        <Service>
          <ID>1</ID>
          <Name>Invoke Service.ACTIVITY_2</Name>
          <Application>BSF_SCRIPT</Application>
          <PublicationStatus>RELEASED</PublicationStatus>
          <Description></Description>
          <ExecutionMode></ExecutionMode>
          <Order>1</Order>
          <IgnoreErrors>0</IgnoreErrors>
          <Variables>
            <Variable>
              <ApplicationVariable>SCRIPT_URL_OR_PATH</ApplicationVariable>
              <ProcessVariable>ACTIVITY_2SPLIT_bsf.java</ProcessVariable>
            </Variable>
            <Variable>
              <ApplicationVariable>BSF_Language</ApplicationVariable>
              <ProcessVariable></ProcessVariable>
            </Variable>
            <Variable>
              <ApplicationVariable>BSF_Script</ApplicationVariable>
              <ProcessVariable></ProcessVariable>
            </Variable>
          </Variables>
          <ReturnVariable></ReturnVariable>
        </Service>
      </Services>
      <Resources></Resources>
      <SubprocessName></SubprocessName>
      <SubprocessVersion></SubprocessVersion>
      <SubprocessExecMode>0</SubprocessExecMode>
      <SubprocessVariablesIN></SubprocessVariablesIN>
      <SubprocessVariablesOUT></SubprocessVariablesOUT>
      <Simulation>
        <Rule_Expression></Rule_Expression>
        <Probability_From></Probability_From>
        <Probability_To></Probability_To>
        <Perform_UserName></Perform_UserName>
        <Active>0</Active>
      </Simulation>
      <IncomingTransitions>
        <Transition>
          <ID>2</ID>
          <Name>TRANSITION_2</Name>
          <Description lang="el"></Description>
          <Order>1</Order>
          <Enabled>Yes</Enabled>
          <Activity>ACTIVITY_1</Activity>
          <Rules>AUTO_DECISION_TRANSITION_2 is TRUE</Rules>
        </Transition>
      </IncomingTransitions>
      <OutgoingTransitions>
        <Transition>
          <ID>4</ID>
          <Name>TRANSITION_4</Name>
          <Description lang="el"></Description>
          <Order>1</Order>
          <Enabled>Yes</Enabled>
          <Activity>ACTIVITY_1</Activity>
          <Rules>AUTO_DECISION_TRANSITION_4 is TRUE</Rules>
        </Transition>
        <Transition>
          <ID>5</ID>
          <Name>TRANSITION_5</Name>
          <Description lang="el"></Description>
          <Order>2</Order>
          <Enabled>Yes</Enabled>
          <Activity>END</Activity>
          <Rules>AUTO_DECISION_TRANSITION_5 is TRUE</Rules>
        </Transition>
      </OutgoingTransitions>
    </Activity>
    <Activity>
      <ID>4</ID>
      <Name>END</Name>
      <DisplayName>END</DisplayName>
      <DisplayName lang="el">END</DisplayName>
      <Description lang="el"></Description>
      <StartMode>AUTO</StartMode>
      <FinishMode>AUTO</FinishMode>
      <Implementation>APPLICATIONS</Implementation>
      <Priority>10</Priority>
      <TimeLimit></TimeLimit>
      <ExpectedActivityTime></ExpectedActivityTime>
      <ExpectedWorkitemTime></ExpectedWorkitemTime>
      <ExpectedUserTime></ExpectedUserTime>
      <NeverReleaseWorkitem>0</NeverReleaseWorkitem>
      <ReleaseWorkitemAfter></ReleaseWorkitemAfter>
      <InitialDelayExpression></InitialDelayExpression>
      <ExpressionType>DURATION</ExpressionType>
      <SplitOperator></SplitOperator>
      <JoinOperator>XOR</JoinOperator>
      <JoinRequiredTransitions></JoinRequiredTransitions>
      <CreatesWorkitem>0</CreatesWorkitem>
      <WorkitemName>END</WorkitemName>
      <WorkitemDisplayName>END</WorkitemDisplayName>
      <WorkitemAdminRole></WorkitemAdminRole>
      <WorkitemPerformingRole><![CDATA[<%=getRoleUsernames("GENERIC_ROLE")%>]]></WorkitemPerformingRole>
      <WorkitemScreenURI></WorkitemScreenURI>
      <WorkitemMobileScreenURI></WorkitemMobileScreenURI>
      <WorkitemXSNURI></WorkitemXSNURI>
      <WorkitemDescription></WorkitemDescription>
      <WorkitemVariables>
        <Variable>
          <VariableName>PROCESS_INSTANCE_ID</VariableName>
          <Startup>HIDE</Startup>
          <Order>1</Order>
          <HelpMessage></HelpMessage>
          <Description></Description>
          <Min></Min>
          <Max></Max>
          <Allowed></Allowed>
          <Deviation></Deviation>
          <Random></Random>
        </Variable>
        <Variable>
          <VariableName>PROCESS_DEFINITION_ID</VariableName>
          <Startup>HIDE</Startup>
          <Order>2</Order>
          <HelpMessage></HelpMessage>
          <Description></Description>
          <Min></Min>
          <Max></Max>
          <Allowed></Allowed>
          <Deviation></Deviation>
          <Random></Random>
        </Variable>
        <Variable>
          <VariableName>PROCESS_DEFINITION_NAME</VariableName>
          <Startup>HIDE</Startup>
          <Order>3</Order>
          <HelpMessage></HelpMessage>
          <Description></Description>
          <Min></Min>
          <Max></Max>
          <Allowed></Allowed>
          <Deviation></Deviation>
          <Random></Random>
        </Variable>
        <Variable>
          <VariableName>PROCESS_INSTANCE_DATE_STARTED</VariableName>
          <Startup>HIDE</Startup>
          <Order>4</Order>
          <HelpMessage></HelpMessage>
          <Description></Description>
          <Min></Min>
          <Max></Max>
          <Allowed></Allowed>
          <Deviation></Deviation>
          <Random></Random>
        </Variable>
        <Variable>
          <VariableName>PROCESS_INSTANCE_USERNAME</VariableName>
          <Startup>HIDE</Startup>
          <Order>5</Order>
          <HelpMessage></HelpMessage>
          <Description></Description>
          <Min></Min>
          <Max></Max>
          <Allowed></Allowed>
          <Deviation></Deviation>
          <Random></Random>
        </Variable>
        <Variable>
          <VariableName>APPLICATION_ID</VariableName>
          <Startup>HIDE</Startup>
          <Order>6</Order>
          <HelpMessage></HelpMessage>
          <Description></Description>
          <Min></Min>
          <Max></Max>
          <Allowed></Allowed>
          <Deviation></Deviation>
          <Random></Random>
        </Variable>
        <Variable>
          <VariableName>APPLICATION_STATUS</VariableName>
          <Startup>HIDE</Startup>
          <Order>7</Order>
          <HelpMessage></HelpMessage>
          <Description></Description>
          <Min></Min>
          <Max></Max>
          <Allowed></Allowed>
          <Deviation></Deviation>
          <Random></Random>
        </Variable>
        <Variable>
          <VariableName>PROCESS_LOCATION_COORDINATES</VariableName>
          <Startup>HIDE</Startup>
          <Order>8</Order>
          <HelpMessage></HelpMessage>
          <Description></Description>
          <Min></Min>
          <Max></Max>
          <Allowed></Allowed>
          <Deviation></Deviation>
          <Random></Random>
        </Variable>
        <Variable>
          <VariableName>PROCESS_LOCATION_MARKER</VariableName>
          <Startup>HIDE</Startup>
          <Order>9</Order>
          <HelpMessage></HelpMessage>
          <Description></Description>
          <Min></Min>
          <Max></Max>
          <Allowed></Allowed>
          <Deviation></Deviation>
          <Random></Random>
        </Variable>
        <Variable>
          <VariableName>PROCESS_LOCATION_ADDRESS</VariableName>
          <Startup>HIDE</Startup>
          <Order>10</Order>
          <HelpMessage></HelpMessage>
          <Description></Description>
          <Min></Min>
          <Max></Max>
          <Allowed></Allowed>
          <Deviation></Deviation>
          <Random></Random>
        </Variable>
        <Variable>
          <VariableName>PROCESS_LOCATION_TEXT</VariableName>
          <Startup>HIDE</Startup>
          <Order>11</Order>
          <HelpMessage></HelpMessage>
          <Description></Description>
          <Min></Min>
          <Max></Max>
          <Allowed></Allowed>
          <Deviation></Deviation>
          <Random></Random>
        </Variable>
        <Variable>
          <VariableName>GO_DIRECTLY_TO_WORKITEM</VariableName>
          <Startup>HIDE</Startup>
          <Order>12</Order>
          <HelpMessage></HelpMessage>
          <Description></Description>
          <Min></Min>
          <Max></Max>
          <Allowed></Allowed>
          <Deviation></Deviation>
          <Random></Random>
        </Variable>
        <Variable>
          <VariableName>PARENT_PROCESS_DEFINITION_ID</VariableName>
          <Startup>HIDE</Startup>
          <Order>13</Order>
          <HelpMessage></HelpMessage>
          <Description></Description>
          <Min></Min>
          <Max></Max>
          <Allowed></Allowed>
          <Deviation></Deviation>
          <Random></Random>
        </Variable>
        <Variable>
          <VariableName>PARENT_PROCESS_INSTANCE_ID</VariableName>
          <Startup>HIDE</Startup>
          <Order>14</Order>
          <HelpMessage></HelpMessage>
          <Description></Description>
          <Min></Min>
          <Max></Max>
          <Allowed></Allowed>
          <Deviation></Deviation>
          <Random></Random>
        </Variable>
        <Variable>
          <VariableName>PARENT_ACTIVITY_INSTANCE_ID</VariableName>
          <Startup>HIDE</Startup>
          <Order>15</Order>
          <HelpMessage></HelpMessage>
          <Description></Description>
          <Min></Min>
          <Max></Max>
          <Allowed></Allowed>
          <Deviation></Deviation>
          <Random></Random>
        </Variable>
        <Variable>
          <VariableName>PARENT_IS_WAITING</VariableName>
          <Startup>HIDE</Startup>
          <Order>16</Order>
          <HelpMessage></HelpMessage>
          <Description></Description>
          <Min></Min>
          <Max></Max>
          <Allowed></Allowed>
          <Deviation></Deviation>
          <Random></Random>
        </Variable>
        <Variable>
          <VariableName>SUBPROCESS_INSTANCE_ID</VariableName>
          <Startup>HIDE</Startup>
          <Order>17</Order>
          <HelpMessage></HelpMessage>
          <Description></Description>
          <Min></Min>
          <Max></Max>
          <Allowed></Allowed>
          <Deviation></Deviation>
          <Random></Random>
        </Variable>
        <Variable>
          <VariableName>AUTO_DECISION_ACTIVITY_1</VariableName>
          <Startup>HIDE</Startup>
          <Order>18</Order>
          <HelpMessage></HelpMessage>
          <Description></Description>
          <Min></Min>
          <Max></Max>
          <Allowed></Allowed>
          <Deviation></Deviation>
          <Random></Random>
        </Variable>
        <Variable>
          <VariableName>AUTO_DECISION_ACTIVITY_2</VariableName>
          <Startup>HIDE</Startup>
          <Order>19</Order>
          <HelpMessage></HelpMessage>
          <Description></Description>
          <Min></Min>
          <Max></Max>
          <Allowed></Allowed>
          <Deviation></Deviation>
          <Random></Random>
        </Variable>
      </WorkitemVariables>
      <Entities></Entities>
      <Services>
        <Service>
          <ID>0</ID>
          <Name>Invoke Service.END</Name>
          <Application>BSF_SCRIPT</Application>
          <PublicationStatus>RELEASED</PublicationStatus>
          <Description></Description>
          <ExecutionMode></ExecutionMode>
          <Order>-1</Order>
          <IgnoreErrors>0</IgnoreErrors>
          <Variables>
            <Variable>
              <ApplicationVariable>SCRIPT_URL_OR_PATH</ApplicationVariable>
              <ProcessVariable>ENDJOIN_bsf.java</ProcessVariable>
            </Variable>
            <Variable>
              <ApplicationVariable>BSF_Language</ApplicationVariable>
              <ProcessVariable></ProcessVariable>
            </Variable>
            <Variable>
              <ApplicationVariable>BSF_Script</ApplicationVariable>
              <ProcessVariable></ProcessVariable>
            </Variable>
          </Variables>
          <ReturnVariable></ReturnVariable>
        </Service>
        <Service>
          <ID>1</ID>
          <Name>Invoke Service.END</Name>
          <Application>BSF_SCRIPT</Application>
          <PublicationStatus>RELEASED</PublicationStatus>
          <Description></Description>
          <ExecutionMode></ExecutionMode>
          <Order>1</Order>
          <IgnoreErrors>0</IgnoreErrors>
          <Variables>
            <Variable>
              <ApplicationVariable>SCRIPT_URL_OR_PATH</ApplicationVariable>
              <ProcessVariable>ENDSPLIT_bsf.java</ProcessVariable>
            </Variable>
            <Variable>
              <ApplicationVariable>BSF_Language</ApplicationVariable>
              <ProcessVariable></ProcessVariable>
            </Variable>
            <Variable>
              <ApplicationVariable>BSF_Script</ApplicationVariable>
              <ProcessVariable></ProcessVariable>
            </Variable>
          </Variables>
          <ReturnVariable></ReturnVariable>
        </Service>
      </Services>
      <Resources></Resources>
      <SubprocessName></SubprocessName>
      <SubprocessVersion></SubprocessVersion>
      <SubprocessExecMode>0</SubprocessExecMode>
      <SubprocessVariablesIN></SubprocessVariablesIN>
      <SubprocessVariablesOUT></SubprocessVariablesOUT>
      <Simulation>
        <Rule_Expression></Rule_Expression>
        <Probability_From></Probability_From>
        <Probability_To></Probability_To>
        <Perform_UserName></Perform_UserName>
        <Active>0</Active>
      </Simulation>
      <IncomingTransitions>
        <Transition>
          <ID>3</ID>
          <Name>TRANSITION_3</Name>
          <Description lang="el"></Description>
          <Order>2</Order>
          <Enabled>Yes</Enabled>
          <Activity>ACTIVITY_1</Activity>
          <Rules>AUTO_DECISION_TRANSITION_3 is TRUE</Rules>
        </Transition>
        <Transition>
          <ID>5</ID>
          <Name>TRANSITION_5</Name>
          <Description lang="el"></Description>
          <Order>2</Order>
          <Enabled>Yes</Enabled>
          <Activity>ACTIVITY_2</Activity>
          <Rules>AUTO_DECISION_TRANSITION_5 is TRUE</Rules>
        </Transition>
      </IncomingTransitions>
      <OutgoingTransitions></OutgoingTransitions>
    </Activity>
  </Activities>
  <Transitions>
    <Transition>
      <ID>1</ID>
      <Name>TRANSITION_1</Name>
      <Description lang="el"></Description>
      <Order>1</Order>
      <Enabled>Yes</Enabled>
      <FromActivity>START</FromActivity>
      <ToActivity>ACTIVITY_1</ToActivity>
      <Rules></Rules>
    </Transition>
    <Transition>
      <ID>2</ID>
      <Name>TRANSITION_2</Name>
      <Description lang="el"></Description>
      <Order>1</Order>
      <Enabled>Yes</Enabled>
      <FromActivity>ACTIVITY_1</FromActivity>
      <ToActivity>ACTIVITY_2</ToActivity>
      <Rules>
        <Rule>
          <Name>AUTO_DECISION_TRANSITION_2</Name>
          <Value>TRUE</Value>
        </Rule>
      </Rules>
    </Transition>
    <Transition>
      <ID>3</ID>
      <Name>TRANSITION_3</Name>
      <Description lang="el"></Description>
      <Order>2</Order>
      <Enabled>Yes</Enabled>
      <FromActivity>ACTIVITY_1</FromActivity>
      <ToActivity>END</ToActivity>
      <Rules>
        <Rule>
          <Name>AUTO_DECISION_TRANSITION_3</Name>
          <Value>TRUE</Value>
        </Rule>
      </Rules>
    </Transition>
    <Transition>
      <ID>4</ID>
      <Name>TRANSITION_4</Name>
      <Description lang="el"></Description>
      <Order>1</Order>
      <Enabled>Yes</Enabled>
      <FromActivity>ACTIVITY_2</FromActivity>
      <ToActivity>ACTIVITY_1</ToActivity>
      <Rules>
        <Rule>
          <Name>AUTO_DECISION_TRANSITION_4</Name>
          <Value>TRUE</Value>
        </Rule>
      </Rules>
    </Transition>
    <Transition>
      <ID>5</ID>
      <Name>TRANSITION_5</Name>
      <Description lang="el"></Description>
      <Order>2</Order>
      <Enabled>Yes</Enabled>
      <FromActivity>ACTIVITY_2</FromActivity>
      <ToActivity>END</ToActivity>
      <Rules>
        <Rule>
          <Name>AUTO_DECISION_TRANSITION_5</Name>
          <Value>TRUE</Value>
        </Rule>
      </Rules>
    </Transition>
  </Transitions>
  <Rules>
    <Rule>
      <Name>AUTO_DECISION_TRANSITION_2</Name>
      <Description lang="el">To ACTIVITY_2 (Έλεγχος και Προτεινόμενα βήματα)</Description>
      <Expression>$AUTO_DECISION_ACTIVITY_1==1</Expression>
      <Type>rule</Type>
    </Rule>
    <Rule>
      <Name>AUTO_DECISION_TRANSITION_3</Name>
      <Description lang="el">To END (END)</Description>
      <Expression>$AUTO_DECISION_ACTIVITY_1==2</Expression>
      <Type>rule</Type>
    </Rule>
    <Rule>
      <Name>AUTO_DECISION_TRANSITION_4</Name>
      <Description lang="el">To ACTIVITY_1 (Υποβολή Δήλωσης)</Description>
      <Expression>$AUTO_DECISION_ACTIVITY_2==1</Expression>
      <Type>rule</Type>
    </Rule>
    <Rule>
      <Name>AUTO_DECISION_TRANSITION_5</Name>
      <Description lang="el">To END (END)</Description>
      <Expression>$AUTO_DECISION_ACTIVITY_2==2</Expression>
      <Type>rule</Type>
    </Rule>
    <Rule>
      <Name>AUTO_DECISION_TRANSITION_2</Name>
      <Description lang="el">To ACTIVITY_2 (Έλεγχος και Προτεινόμενα βήματα)</Description>
      <Expression>$AUTO_DECISION_ACTIVITY_1==1</Expression>
      <Type>rule</Type>
    </Rule>
    <Rule>
      <Name>AUTO_DECISION_TRANSITION_3</Name>
      <Description lang="el">To END (END)</Description>
      <Expression>$AUTO_DECISION_ACTIVITY_1==2</Expression>
      <Type>rule</Type>
    </Rule>
    <Rule>
      <Name>AUTO_DECISION_TRANSITION_4</Name>
      <Description lang="el">To ACTIVITY_1 (Υποβολή Δήλωσης)</Description>
      <Expression>$AUTO_DECISION_ACTIVITY_2==1</Expression>
      <Type>rule</Type>
    </Rule>
    <Rule>
      <Name>AUTO_DECISION_TRANSITION_5</Name>
      <Description lang="el">To END (END)</Description>
      <Expression>$AUTO_DECISION_ACTIVITY_2==2</Expression>
      <Type>rule</Type>
    </Rule>
  </Rules>
  <ProcessVariables>
    <Variable>
      <Name>PROCESS_INSTANCE_ID</Name>
      <DataType>LONG</DataType>
      <Global></Global>
      <Default></Default>
      <DisplayName>Process Instance ID</DisplayName>
      <DisplayName lang="el">Process Instance ID</DisplayName>
      <Description lang="el"></Description>
      <StartupMode>HIDE</StartupMode>
      <HelpMessage></HelpMessage>
      <Order>0</Order>
      <WorklistOrder>1</WorklistOrder>
      <Constraints_Listofvalues>0</Constraints_Listofvalues>
      <Database_Type>Bigint</Database_Type>
      <Facets></Facets>
      <ExtendedAttributes></ExtendedAttributes>
      <EntityAttributes></EntityAttributes>
      <EntityVars></EntityVars>
    </Variable>
    <Variable>
      <Name>PROCESS_DEFINITION_ID</Name>
      <DataType>LONG</DataType>
      <Global></Global>
      <Default></Default>
      <DisplayName>Process Definition ID</DisplayName>
      <DisplayName lang="el">Process Definition ID</DisplayName>
      <Description lang="el"></Description>
      <StartupMode>HIDE</StartupMode>
      <HelpMessage></HelpMessage>
      <Order>1</Order>
      <WorklistOrder>0</WorklistOrder>
      <Constraints_Listofvalues>0</Constraints_Listofvalues>
      <Database_Type>Bigint</Database_Type>
      <Facets></Facets>
      <ExtendedAttributes></ExtendedAttributes>
      <EntityAttributes></EntityAttributes>
      <EntityVars></EntityVars>
    </Variable>
    <Variable>
      <Name>PROCESS_DEFINITION_NAME</Name>
      <DataType>STRING</DataType>
      <Global></Global>
      <Default></Default>
      <DisplayName>Process Definition Name</DisplayName>
      <DisplayName lang="el">Process Definition Name</DisplayName>
      <Description lang="el"></Description>
      <StartupMode>HIDE</StartupMode>
      <HelpMessage></HelpMessage>
      <Order>2</Order>
      <WorklistOrder>0</WorklistOrder>
      <Constraints_Listofvalues>0</Constraints_Listofvalues>
      <Database_Type>varchar(100)</Database_Type>
      <Facets></Facets>
      <ExtendedAttributes></ExtendedAttributes>
      <EntityAttributes></EntityAttributes>
      <EntityVars></EntityVars>
    </Variable>
    <Variable>
      <Name>PROCESS_INSTANCE_DATE_STARTED</Name>
      <DataType>DATETIME</DataType>
      <Global></Global>
      <Default></Default>
      <DisplayName>Process instance Datetime Started</DisplayName>
      <DisplayName lang="el">Process instance Datetime Started</DisplayName>
      <Description lang="el"></Description>
      <StartupMode>HIDE</StartupMode>
      <HelpMessage></HelpMessage>
      <Order>3</Order>
      <WorklistOrder>0</WorklistOrder>
      <Constraints_Listofvalues>0</Constraints_Listofvalues>
      <Database_Type>Datetime</Database_Type>
      <Facets></Facets>
      <ExtendedAttributes></ExtendedAttributes>
      <EntityAttributes></EntityAttributes>
      <EntityVars></EntityVars>
    </Variable>
    <Variable>
      <Name>PROCESS_INSTANCE_USERNAME</Name>
      <DataType>STRING</DataType>
      <Global></Global>
      <Default></Default>
      <DisplayName>Process instance Started Username</DisplayName>
      <DisplayName lang="el">Process instance Started Username</DisplayName>
      <Description lang="el"></Description>
      <StartupMode>HIDE</StartupMode>
      <HelpMessage></HelpMessage>
      <Order>4</Order>
      <WorklistOrder>0</WorklistOrder>
      <Constraints_Listofvalues>0</Constraints_Listofvalues>
      <Database_Type>varchar(100)</Database_Type>
      <Facets></Facets>
      <ExtendedAttributes></ExtendedAttributes>
      <EntityAttributes></EntityAttributes>
      <EntityVars></EntityVars>
    </Variable>
    <Variable>
      <Name>APPLICATION_ID</Name>
      <DataType>STRING</DataType>
      <Global></Global>
      <Default></Default>
      <DisplayName>Application ID</DisplayName>
      <DisplayName lang="el">Application ID</DisplayName>
      <Description lang="el"></Description>
      <StartupMode>HIDE</StartupMode>
      <HelpMessage></HelpMessage>
      <Order>5</Order>
      <WorklistOrder>0</WorklistOrder>
      <Constraints_Listofvalues>0</Constraints_Listofvalues>
      <Database_Type>varchar(100)</Database_Type>
      <Facets></Facets>
      <ExtendedAttributes></ExtendedAttributes>
      <EntityAttributes></EntityAttributes>
      <EntityVars></EntityVars>
    </Variable>
    <Variable>
      <Name>APPLICATION_STATUS</Name>
      <DataType>LONG</DataType>
      <Global></Global>
      <Default></Default>
      <DisplayName>Application Status</DisplayName>
      <DisplayName lang="el">Application Status</DisplayName>
      <Description lang="el"></Description>
      <StartupMode>HIDE</StartupMode>
      <HelpMessage></HelpMessage>
      <Order>6</Order>
      <WorklistOrder>0</WorklistOrder>
      <Constraints_Listofvalues>0</Constraints_Listofvalues>
      <Database_Type>Bigint</Database_Type>
      <Facets></Facets>
      <ExtendedAttributes></ExtendedAttributes>
      <EntityAttributes></EntityAttributes>
      <EntityVars></EntityVars>
    </Variable>
    <Variable>
      <Name>PROCESS_LOCATION_COORDINATES</Name>
      <DataType>STRING</DataType>
      <Global></Global>
      <Default></Default>
      <DisplayName>Process Location Coordinates</DisplayName>
      <DisplayName lang="el">Process Location Coordinates</DisplayName>
      <Description lang="el"></Description>
      <StartupMode>HIDE</StartupMode>
      <HelpMessage></HelpMessage>
      <Order>7</Order>
      <WorklistOrder>0</WorklistOrder>
      <Constraints_Listofvalues>0</Constraints_Listofvalues>
      <Database_Type>varchar(100)</Database_Type>
      <Facets></Facets>
      <ExtendedAttributes></ExtendedAttributes>
      <EntityAttributes></EntityAttributes>
      <EntityVars></EntityVars>
    </Variable>
    <Variable>
      <Name>PROCESS_LOCATION_MARKER</Name>
      <DataType>STRING</DataType>
      <Global></Global>
      <Default></Default>
      <DisplayName>Process Location Marker Filename</DisplayName>
      <DisplayName lang="el">Process Location Marker Filename</DisplayName>
      <Description lang="el"></Description>
      <StartupMode>HIDE</StartupMode>
      <HelpMessage></HelpMessage>
      <Order>8</Order>
      <WorklistOrder>0</WorklistOrder>
      <Constraints_Listofvalues>0</Constraints_Listofvalues>
      <Database_Type>varchar(100)</Database_Type>
      <Facets></Facets>
      <ExtendedAttributes></ExtendedAttributes>
      <EntityAttributes></EntityAttributes>
      <EntityVars></EntityVars>
    </Variable>
    <Variable>
      <Name>PROCESS_LOCATION_ADDRESS</Name>
      <DataType>STRING</DataType>
      <Global></Global>
      <Default></Default>
      <DisplayName>Process Location Full Address</DisplayName>
      <DisplayName lang="el">Process Location Full Address</DisplayName>
      <Description lang="el"></Description>
      <StartupMode>HIDE</StartupMode>
      <HelpMessage></HelpMessage>
      <Order>9</Order>
      <WorklistOrder>0</WorklistOrder>
      <Constraints_Listofvalues>0</Constraints_Listofvalues>
      <Database_Type>varchar(100)</Database_Type>
      <Facets></Facets>
      <ExtendedAttributes></ExtendedAttributes>
      <EntityAttributes></EntityAttributes>
      <EntityVars></EntityVars>
    </Variable>
    <Variable>
      <Name>PROCESS_LOCATION_TEXT</Name>
      <DataType>STRING</DataType>
      <Global></Global>
      <Default></Default>
      <DisplayName>Process Location Text</DisplayName>
      <DisplayName lang="el">Process Location Text</DisplayName>
      <Description lang="el"></Description>
      <StartupMode>HIDE</StartupMode>
      <HelpMessage></HelpMessage>
      <Order>10</Order>
      <WorklistOrder>0</WorklistOrder>
      <Constraints_Listofvalues>0</Constraints_Listofvalues>
      <Database_Type>varchar(100)</Database_Type>
      <Facets></Facets>
      <ExtendedAttributes></ExtendedAttributes>
      <EntityAttributes></EntityAttributes>
      <EntityVars></EntityVars>
    </Variable>
    <Variable>
      <Name>GO_DIRECTLY_TO_WORKITEM</Name>
      <DataType>STRING</DataType>
      <Global></Global>
      <Default>ACTIVITY_1</Default>
      <DisplayName>Go Directly To Workitem</DisplayName>
      <DisplayName lang="el">Go Directly To Workitem</DisplayName>
      <Description lang="el"></Description>
      <StartupMode>HIDE</StartupMode>
      <HelpMessage></HelpMessage>
      <Order>11</Order>
      <WorklistOrder>0</WorklistOrder>
      <Constraints_Listofvalues>0</Constraints_Listofvalues>
      <Database_Type>varchar(100)</Database_Type>
      <Facets></Facets>
      <ExtendedAttributes></ExtendedAttributes>
      <EntityAttributes></EntityAttributes>
      <EntityVars></EntityVars>
    </Variable>
    <Variable>
      <Name>PARENT_PROCESS_DEFINITION_ID</Name>
      <DataType>LONG</DataType>
      <Global></Global>
      <Default></Default>
      <DisplayName>Parent Process Definition ID</DisplayName>
      <DisplayName lang="el">Parent Process Definition ID</DisplayName>
      <Description lang="el"></Description>
      <StartupMode>HIDE</StartupMode>
      <HelpMessage></HelpMessage>
      <Order>12</Order>
      <WorklistOrder>0</WorklistOrder>
      <Constraints_Listofvalues>0</Constraints_Listofvalues>
      <Database_Type>Bigint</Database_Type>
      <Facets></Facets>
      <ExtendedAttributes></ExtendedAttributes>
      <EntityAttributes></EntityAttributes>
      <EntityVars></EntityVars>
    </Variable>
    <Variable>
      <Name>PARENT_PROCESS_INSTANCE_ID</Name>
      <DataType>LONG</DataType>
      <Global></Global>
      <Default></Default>
      <DisplayName>Parent Process Instance ID</DisplayName>
      <DisplayName lang="el">Parent Process Instance ID</DisplayName>
      <Description lang="el"></Description>
      <StartupMode>HIDE</StartupMode>
      <HelpMessage></HelpMessage>
      <Order>13</Order>
      <WorklistOrder>0</WorklistOrder>
      <Constraints_Listofvalues>0</Constraints_Listofvalues>
      <Database_Type>Bigint</Database_Type>
      <Facets></Facets>
      <ExtendedAttributes></ExtendedAttributes>
      <EntityAttributes></EntityAttributes>
      <EntityVars></EntityVars>
    </Variable>
    <Variable>
      <Name>PARENT_ACTIVITY_INSTANCE_ID</Name>
      <DataType>LONG</DataType>
      <Global></Global>
      <Default></Default>
      <DisplayName>Parent Activity Instance ID</DisplayName>
      <DisplayName lang="el">Parent Activity Instance ID</DisplayName>
      <Description lang="el"></Description>
      <StartupMode>HIDE</StartupMode>
      <HelpMessage></HelpMessage>
      <Order>14</Order>
      <WorklistOrder>0</WorklistOrder>
      <Constraints_Listofvalues>0</Constraints_Listofvalues>
      <Database_Type>Bigint</Database_Type>
      <Facets></Facets>
      <ExtendedAttributes></ExtendedAttributes>
      <EntityAttributes></EntityAttributes>
      <EntityVars></EntityVars>
    </Variable>
    <Variable>
      <Name>PARENT_IS_WAITING</Name>
      <DataType>INTEGER</DataType>
      <Global></Global>
      <Default></Default>
      <DisplayName>Parent is waiting</DisplayName>
      <DisplayName lang="el">Parent is waiting</DisplayName>
      <Description lang="el"></Description>
      <StartupMode>HIDE</StartupMode>
      <HelpMessage></HelpMessage>
      <Order>15</Order>
      <WorklistOrder>0</WorklistOrder>
      <Constraints_Listofvalues>0</Constraints_Listofvalues>
      <Database_Type>int</Database_Type>
      <Facets></Facets>
      <ExtendedAttributes></ExtendedAttributes>
      <EntityAttributes></EntityAttributes>
      <EntityVars></EntityVars>
    </Variable>
    <Variable>
      <Name>SUBPROCESS_INSTANCE_ID</Name>
      <DataType>INTEGER</DataType>
      <Global></Global>
      <Default></Default>
      <DisplayName>Subprocess Process Instance ID</DisplayName>
      <DisplayName lang="el">Subprocess Process Instance ID</DisplayName>
      <Description lang="el"></Description>
      <StartupMode>HIDE</StartupMode>
      <HelpMessage></HelpMessage>
      <Order>16</Order>
      <WorklistOrder>0</WorklistOrder>
      <Constraints_Listofvalues>0</Constraints_Listofvalues>
      <Database_Type>int</Database_Type>
      <Facets></Facets>
      <ExtendedAttributes></ExtendedAttributes>
      <EntityAttributes></EntityAttributes>
      <EntityVars></EntityVars>
    </Variable>
    <Variable>
      <Name>A</Name>
      <DataType>STRING</DataType>
      <Global></Global>
      <Default>&amp;quot; &lt;table&gt;&lt;tr&gt;asd&lt;/tr&gt;&lt;/table&gt; &amp;quot;</Default>
      <DisplayName>A</DisplayName>
      <DisplayName lang="el">A</DisplayName>
      <Description lang="el"></Description>
      <StartupMode>HIDE</StartupMode>
      <HelpMessage></HelpMessage>
      <Order>17</Order>
      <WorklistOrder>11</WorklistOrder>
      <Constraints_Listofvalues>0</Constraints_Listofvalues>
      <Database_Type>varchar(100)</Database_Type>
      <Facets></Facets>
      <ExtendedAttributes></ExtendedAttributes>
      <EntityAttributes></EntityAttributes>
      <EntityVars></EntityVars>
    </Variable>
    <Variable>
      <Name>ONOMA_STELEXOYS_YPAL_SYNERGATH</Name>
      <DataType>STRING</DataType>
      <Global></Global>
      <Default>ΝΙΚΟΣ ΚΑΡΑΠΑΝΑΓΟΥ</Default>
      <DisplayName>Όνομα Στελέχους/Υπαλλήλου/Εξωτ.Συνεργάτη</DisplayName>
      <DisplayName lang="el">Όνομα Στελέχους/Υπαλλήλου/Εξωτ.Συνεργάτη</DisplayName>
      <Description lang="el"></Description>
      <StartupMode>HIDE</StartupMode>
      <HelpMessage></HelpMessage>
      <Order>18</Order>
      <WorklistOrder>21</WorklistOrder>
      <Constraints_Listofvalues>0</Constraints_Listofvalues>
      <Database_Type>varchar(100)</Database_Type>
      <Facets></Facets>
      <ExtendedAttributes></ExtendedAttributes>
      <EntityAttributes></EntityAttributes>
      <EntityVars></EntityVars>
    </Variable>
    <Variable>
      <Name>B</Name>
      <DataType>STRING</DataType>
      <Global></Global>
      <Default>Salesforce is the worlds #1 CRM company. Our industry-leading</Default>
      <DisplayName>Β</DisplayName>
      <DisplayName lang="el">Β</DisplayName>
      <Description lang="el"></Description>
      <StartupMode>HIDE</StartupMode>
      <HelpMessage></HelpMessage>
      <Order>19</Order>
      <WorklistOrder>31</WorklistOrder>
      <Constraints_Listofvalues>0</Constraints_Listofvalues>
      <Database_Type>varchar(100)</Database_Type>
      <Facets></Facets>
      <ExtendedAttributes></ExtendedAttributes>
      <EntityAttributes></EntityAttributes>
      <EntityVars></EntityVars>
    </Variable>
    <Variable>
      <Name>UA_HUELA_NA_GNVSTO_SYMFERONTVN</Name>
      <DataType>LONG_STRING</DataType>
      <Global></Global>
      <Default></Default>
      <DisplayName>Θα ήθελα να γνωστοποιήσω την ακόλουθη πιθανή σύγκρουση συμφερόντων</DisplayName>
      <DisplayName lang="el">Θα ήθελα να γνωστοποιήσω την ακόλουθη πιθανή σύγκρουση συμφερόντων</DisplayName>
      <Description lang="el"></Description>
      <StartupMode>HIDE</StartupMode>
      <HelpMessage></HelpMessage>
      <Order>20</Order>
      <WorklistOrder>0</WorklistOrder>
      <Constraints_Listofvalues>0</Constraints_Listofvalues>
      <Database_Type>varchar(100)</Database_Type>
      <Facets></Facets>
      <ExtendedAttributes></ExtendedAttributes>
      <EntityAttributes></EntityAttributes>
      <EntityVars></EntityVars>
    </Variable>
    <Variable>
      <Name>PARAKALOYME_SYMPLHR_SYGKROYSHS</Name>
      <DataType>LONG_STRING</DataType>
      <Global></Global>
      <Default></Default>
      <DisplayName>Παρακαλούμε συμπληρώστε λεπτομέρειες της πιθανής σύγκρουσης</DisplayName>
      <DisplayName lang="el">Παρακαλούμε συμπληρώστε λεπτομέρειες της πιθανής σύγκρουσης</DisplayName>
      <Description lang="el"></Description>
      <StartupMode>HIDE</StartupMode>
      <HelpMessage></HelpMessage>
      <Order>21</Order>
      <WorklistOrder>0</WorklistOrder>
      <Constraints_Listofvalues>0</Constraints_Listofvalues>
      <Database_Type>varchar(100)</Database_Type>
      <Facets></Facets>
      <ExtendedAttributes></ExtendedAttributes>
      <EntityAttributes></EntityAttributes>
      <EntityVars></EntityVars>
    </Variable>
    <Variable>
      <Name>AUTO_DECISION_ACTIVITY_1</Name>
      <DataType>INTEGER</DataType>
      <Global></Global>
      <Default>1</Default>
      <DisplayName>Απόφαση για Υποβολή Δήλωσης</DisplayName>
      <DisplayName lang="el">Απόφαση για Υποβολή Δήλωσης</DisplayName>
      <Description lang="el">Απόφαση για Υποβολή Δήλωσης</Description>
      <StartupMode>HIDE</StartupMode>
      <HelpMessage></HelpMessage>
      <Order>0</Order>
      <WorklistOrder>0</WorklistOrder>
      <Constraints_Listofvalues>1</Constraints_Listofvalues>
      <Database_Type>int</Database_Type>
      <Facets>
        <Facet>
          <Name>enumeration</Name>
          <Value>1</Value>
          <Enabled>1</Enabled>
          <EnumLabel>Προς Έλεγχος και Προτεινόμενα βήματα</EnumLabel>
          <Description></Description>
        </Facet>
        <Facet>
          <Name>enumeration</Name>
          <Value>2</Value>
          <Enabled>1</Enabled>
          <EnumLabel>Προς END</EnumLabel>
          <Description></Description>
        </Facet>
      </Facets>
      <ExtendedAttributes></ExtendedAttributes>
      <EntityAttributes></EntityAttributes>
      <EntityVars></EntityVars>
    </Variable>
    <Variable>
      <Name>AUTO_DECISION_ACTIVITY_2</Name>
      <DataType>INTEGER</DataType>
      <Global></Global>
      <Default>1</Default>
      <DisplayName>Απόφαση για Έλεγχος και Προτεινόμενα βήματα</DisplayName>
      <DisplayName lang="el">Απόφαση για Έλεγχος και Προτεινόμενα βήματα</DisplayName>
      <Description lang="el">Απόφαση για Έλεγχος και Προτεινόμενα βήματα</Description>
      <StartupMode>HIDE</StartupMode>
      <HelpMessage></HelpMessage>
      <Order>0</Order>
      <WorklistOrder>0</WorklistOrder>
      <Constraints_Listofvalues>1</Constraints_Listofvalues>
      <Database_Type>int</Database_Type>
      <Facets>
        <Facet>
          <Name>enumeration</Name>
          <Value>1</Value>
          <Enabled>1</Enabled>
          <EnumLabel>Προς Υποβολή Δήλωσης</EnumLabel>
          <Description></Description>
        </Facet>
        <Facet>
          <Name>enumeration</Name>
          <Value>2</Value>
          <Enabled>1</Enabled>
          <EnumLabel>Προς END</EnumLabel>
          <Description></Description>
        </Facet>
      </Facets>
      <ExtendedAttributes></ExtendedAttributes>
      <EntityAttributes></EntityAttributes>
      <EntityVars></EntityVars>
    </Variable>
  </ProcessVariables>
  <LocalRoles></LocalRoles>
  <ResourceUsages></ResourceUsages>
</ProcessDefinition>
